COUNTRY.UN_CODE,SPECIES.ALPHA_3_CODE,AREA.CODE,ENVIRONMENT.ALPHA_2_CODE,MEASURE,PERIOD,VALUE,STATUS
356,CMG,4,IN,Q_tlw,1950,678.0,I
356,CMG,4,IN,Q_tlw,1951,780.0,I
356,CMG,4,IN,Q_tlw,1952,898.0,I
356,CMG,4,IN,Q_tlw,1953,1034.0,I
356,CMG,4,IN,Q_tlw,1954,1191.0,I
356,CMG,4,IN,Q_tlw,1955,1371.0,I
356,CMG,4,IN,Q_tlw,1956,1578.0,I
356,CMG,4,IN,Q_tlw,1957,1816.0,I
356,CMG,4,IN,Q_tlw,1958,2091.0,I
356,CMG,4,IN,Q_tlw,1959,2407.0,I
356,CMG,4,IN,Q_tlw,1960,2771.0,I
356,CMG,4,IN,Q_tlw,1961,3190.0,I
356,CMG,4,IN,Q_tlw,1962,3672.0,I
356,CMG,4,IN,Q_tlw,1963,4228.0,I
356,CMG,4,IN,Q_tlw,1964,4867.0,I
356,CMG,4,IN,Q_tlw,1965,5603.0,I
356,CMG,4,IN,Q_tlw,1966,6450.0,I
356,CMG,4,IN,Q_tlw,1967,7425.0,I
356,CMG,4,IN,Q_tlw,1968,8548.0,I
356,CMG,4,IN,Q_tlw,1969,9840.0,I
356,CMG,4,IN,Q_tlw,1970,11328.0,I
356,CMG,4,IN,Q_tlw,1971,13041.0,I
356,CMG,4,IN,Q_tlw,1972,15012.0,I
356,CMG,4,IN,Q_tlw,1973,17282.0,I
356,CMG,4,IN,Q_tlw,1974,19895.0,I
356,CMG,4,IN,Q_tlw,1975,22903.0,I
356,CMG,4,IN,Q_tlw,1976,26366.0,I
356,CMG,4,IN,Q_tlw,1977,30352.0,I
356,CMG,4,IN,Q_tlw,1978,34941.0,I
356,CMG,4,IN,Q_tlw,1979,40224.0,I
356,CMG,4,IN,Q_tlw,1980,46306.0,I
356,CMG,4,IN,Q_tlw,1981,53307.0,I
356,CMG,4,IN,Q_tlw,1982,61367.0,I
356,CMG,4,IN,Q_tlw,1983,70645.0,I
356,CMG,4,IN,Q_tlw,1984,88000.0,I
356,CMG,4,IN,Q_tlw,1985,97000.0,I
356,CMG,4,IN,Q_tlw,1986,106000.0,I
356,CMG,4,IN,Q_tlw,1987,123000.0,I
356,CMG,4,IN,Q_tlw,1988,141000.0,I
356,CMG,4,IN,Q_tlw,1989,158000.0,I
356,CMG,4,IN,Q_tlw,1990,158598.0,A
356,CMG,4,IN,Q_tlw,1991,187560.0,A
356,CMG,4,IN,Q_tlw,1992,293182.0,A
356,CMG,4,IN,Q_tlw,1993,332600.0,A
356,CMG,4,IN,Q_tlw,1994,343980.0,A
356,CMG,4,IN,Q_tlw,1995,387470.0,A
356,CMG,4,IN,Q_tlw,1996,460000.0,A
356,CMG,4,IN,Q_tlw,1997,480000.0,A
356,CMG,4,IN,Q_tlw,1998,426200.0,A
356,CMG,4,IN,Q_tlw,1999,469700.0,A
356,CMG,4,IN,Q_tlw,2000,470500.0,A
356,CMG,4,IN,Q_tlw,2001,353211.0,A
356,CMG,4,IN,Q_tlw,2002,401545.0,A
356,CMG,4,IN,Q_tlw,2003,398537.0,A
356,CMG,4,IN,Q_tlw,2004,221064.0,A
356,CMG,4,IN,Q_tlw,2005,217127.0,A
356,CMG,4,IN,Q_tlw,2006,109033.0,A
356,CMG,4,IN,Q_tlw,2007,145287.0,A
356,CMG,4,IN,Q_tlw,2008,281525.0,A
356,CMG,4,IN,Q_tlw,2009,304767.0,A
356,CMG,4,IN,Q_tlw,2010,87686.0,A
356,CMG,4,IN,Q_tlw,2011,131793.0,A
356,CMG,4,IN,Q_tlw,2012,165782.0,A
356,CMG,4,IN,Q_tlw,2013,159028.0,A
356,CMG,4,IN,Q_tlw,2014,170000.0,I
356,CMG,4,IN,Q_tlw,2015,182000.0,I
356,CMG,4,IN,Q_tlw,2016,190000.0,I
356,CMG,4,IN,Q_tlw,2017,203000.0,I
356,CMG,4,IN,Q_tlw,2018,234000.0,I
356,CMG,4,IN,Q_tlw,2019,265700.0,I
356,CMG,4,IN,Q_tlw,2020,289619.0,A
356,CMG,4,IN,Q_tlw,2021,310200.0,I
356,CMG,4,IN,Q_tlw,2022,340700.0,I
356,CMG,4,IN,Q_tlw,2023,374956.0,A
356,CMG,4,IN,Q_tlw,2024,391807.0,A
356,FCP,4,IN,Q_tlw,1993,8074.0,A
356,FCP,4,IN,Q_tlw,1994,4894.0,A
356,FCP,4,IN,Q_tlw,1995,13348.0,A
356,FCP,4,IN,Q_tlw,1996,13720.0,A
356,FCP,4,IN,Q_tlw,1997,15851.0,A
356,FCP,4,IN,Q_tlw,1998,70300.0,A
356,FCP,4,IN,Q_tlw,1999,78400.0,A
356,FCP,4,IN,Q_tlw,2000,74500.0,A
356,FCP,4,IN,Q_tlw,2001,342188.0,A
356,FCP,4,IN,Q_tlw,2002,359325.0,A
356,FCP,4,IN,Q_tlw,2003,442874.0,A
356,FCP,4,IN,Q_tlw,2010,186454.0,A
356,FCP,4,IN,Q_tlw,2011,17600.0,I
356,FCP,4,IN,Q_tlw,2012,17600.0,I
356,FCP,4,IN,Q_tlw,2013,17440.0,I
356,FCP,4,IN,Q_tlw,2014,17500.0,I
356,FCP,4,IN,Q_tlw,2015,18800.0,I
356,FCP,4,IN,Q_tlw,2016,20000.0,I
356,FCP,4,IN,Q_tlw,2017,21000.0,I
356,FCP,4,IN,Q_tlw,2018,21700.0,I
356,FCP,4,IN,Q_tlw,2019,24600.0,I
356,FCP,4,IN,Q_tlw,2020,26070.0,A
356,FCP,4,IN,Q_tlw,2021,27900.0,I
356,FCP,4,IN,Q_tlw,2022,30600.0,I
356,FCP,4,IN,Q_tlw,2023,33048.0,A
356,FCP,4,IN,Q_tlw,2024,36643.0,A
356,LCB,4,IN,Q_tlw,2008,9821.0,I
356,LCB,4,IN,Q_tlw,2009,10707.0,I
356,LCB,4,IN,Q_tlw,2010,4200.0,A
356,LCB,4,IN,Q_tlw,2011,7901.0,A
356,LCB,4,IN,Q_tlw,2012,5497.0,A
356,LCB,4,IN,Q_tlw,2013,5973.0,A
356,LCB,4,IN,Q_tlw,2014,8100.0,I
356,LCB,4,IN,Q_tlw,2015,9000.0,I
356,LCB,4,IN,Q_tlw,2016,10000.0,I
356,LCB,4,IN,Q_tlw,2017,10700.0,I
356,LCB,4,IN,Q_tlw,2018,12000.0,I
356,LCB,4,IN,Q_tlw,2019,13600.0,I
356,LCB,4,IN,Q_tlw,2020,15647.0,A
356,LCB,4,IN,Q_tlw,2021,16700.0,I
356,LCB,4,IN,Q_tlw,2022,18300.0,I
356,LCB,4,IN,Q_tlw,2023,19764.0,A
356,LCB,4,IN,Q_tlw,2024,21769.0,A
356,CTT,4,IN,Q_tlw,1950,3869.0,I
356,CTT,4,IN,Q_tlw,1951,4291.0,I
356,CTT,4,IN,Q_tlw,1952,4760.0,I
356,CTT,4,IN,Q_tlw,1953,5279.0,I
356,CTT,4,IN,Q_tlw,1954,5856.0,I
356,CTT,4,IN,Q_tlw,1955,6495.0,I
356,CTT,4,IN,Q_tlw,1956,7204.0,I
356,CTT,4,IN,Q_tlw,1957,7990.0,I
356,CTT,4,IN,Q_tlw,1958,8862.0,I
356,CTT,4,IN,Q_tlw,1959,9830.0,I
356,CTT,4,IN,Q_tlw,1960,10903.0,I
356,CTT,4,IN,Q_tlw,1961,12093.0,I
356,CTT,4,IN,Q_tlw,1962,13413.0,I
356,CTT,4,IN,Q_tlw,1963,14877.0,I
356,CTT,4,IN,Q_tlw,1964,16501.0,I
356,CTT,4,IN,Q_tlw,1965,18302.0,I
356,CTT,4,IN,Q_tlw,1966,20300.0,I
356,CTT,4,IN,Q_tlw,1967,22516.0,I
356,CTT,4,IN,Q_tlw,1968,24973.0,I
356,CTT,4,IN,Q_tlw,1969,27700.0,I
356,CTT,4,IN,Q_tlw,1970,30723.0,I
356,CTT,4,IN,Q_tlw,1971,34077.0,I
356,CTT,4,IN,Q_tlw,1972,37796.0,I
356,CTT,4,IN,Q_tlw,1973,41922.0,I
356,CTT,4,IN,Q_tlw,1974,46498.0,I
356,CTT,4,IN,Q_tlw,1975,51574.0,I
356,CTT,4,IN,Q_tlw,1976,57203.0,I
356,CTT,4,IN,Q_tlw,1977,63448.0,I
356,CTT,4,IN,Q_tlw,1978,70373.0,I
356,CTT,4,IN,Q_tlw,1979,78055.0,I
356,CTT,4,IN,Q_tlw,1980,86575.0,I
356,CTT,4,IN,Q_tlw,1981,96026.0,I
356,CTT,4,IN,Q_tlw,1982,106507.0,I
356,CTT,4,IN,Q_tlw,1983,118133.0,I
356,CTT,4,IN,Q_tlw,1984,129000.0,I
356,CTT,4,IN,Q_tlw,1985,142000.0,I
356,CTT,4,IN,Q_tlw,1986,155000.0,I
356,CTT,4,IN,Q_tlw,1987,181000.0,I
356,CTT,4,IN,Q_tlw,1988,207000.0,I
356,CTT,4,IN,Q_tlw,1989,233000.0,I
356,CTT,4,IN,Q_tlw,1990,234000.0,A
356,CTT,4,IN,Q_tlw,1991,289925.0,A
356,CTT,4,IN,Q_tlw,1992,299803.0,A
356,CTT,4,IN,Q_tlw,1993,340100.0,A
356,CTT,4,IN,Q_tlw,1994,351747.0,A
356,CTT,4,IN,Q_tlw,1995,394720.0,A
356,CTT,4,IN,Q_tlw,1996,475000.0,A
356,CTT,4,IN,Q_tlw,1997,510000.0,A
356,CTT,4,IN,Q_tlw,1998,450400.0,A
356,CTT,4,IN,Q_tlw,1999,496300.0,A
356,CTT,4,IN,Q_tlw,2000,497200.0,A
356,CTT,4,IN,Q_tlw,2001,373299.0,A
356,CTT,4,IN,Q_tlw,2002,424381.0,A
356,CTT,4,IN,Q_tlw,2003,421203.0,A
356,CTT,4,IN,Q_tlw,2004,1010838.0,A
356,CTT,4,IN,Q_tlw,2005,1135746.0,A
356,CTT,4,IN,Q_tlw,2006,1188293.0,A
356,CTT,4,IN,Q_tlw,2007,1920516.0,A
356,CTT,4,IN,Q_tlw,2008,1760308.0,I
356,CTT,4,IN,Q_tlw,2009,1791397.0,I
356,CTT,4,IN,Q_tlw,2010,2254784.0,I
356,CTT,4,IN,Q_tlw,2011,1697977.0,I
356,CTT,4,IN,Q_tlw,2012,1958338.0,I
356,CTT,4,IN,Q_tlw,2013,1989309.0,I
356,CTT,4,IN,Q_tlw,2014,1999400.0,I
356,CTT,4,IN,Q_tlw,2015,2049300.0,I
356,CTT,4,IN,Q_tlw,2016,2249200.0,I
356,CTT,4,IN,Q_tlw,2017,2429150.0,I
356,CTT,4,IN,Q_tlw,2018,2880000.0,I
356,CTT,4,IN,Q_tlw,2019,3055000.0,I
356,CTT,4,IN,Q_tlw,2020,3286134.0,A
356,CTT,4,IN,Q_tlw,2021,3520200.0,I
356,CTT,4,IN,Q_tlw,2022,3866700.0,I
356,CTT,4,IN,Q_tlw,2023,4176036.0,A
356,CTT,4,IN,Q_tlw,2024,4542943.0,A
356,LRH,4,IN,Q_tlw,1950,3779.0,I
356,LRH,4,IN,Q_tlw,1951,4195.0,I
356,LRH,4,IN,Q_tlw,1952,4658.0,I
356,LRH,4,IN,Q_tlw,1953,5171.0,I
356,LRH,4,IN,Q_tlw,1954,5740.0,I
356,LRH,4,IN,Q_tlw,1955,6372.0,I
356,LRH,4,IN,Q_tlw,1956,7074.0,I
356,LRH,4,IN,Q_tlw,1957,7854.0,I
356,LRH,4,IN,Q_tlw,1958,8719.0,I
356,LRH,4,IN,Q_tlw,1959,9679.0,I
356,LRH,4,IN,Q_tlw,1960,10745.0,I
356,LRH,4,IN,Q_tlw,1961,11929.0,I
356,LRH,4,IN,Q_tlw,1962,13243.0,I
356,LRH,4,IN,Q_tlw,1963,14702.0,I
356,LRH,4,IN,Q_tlw,1964,16321.0,I
356,LRH,4,IN,Q_tlw,1965,18119.0,I
356,LRH,4,IN,Q_tlw,1966,20115.0,I
356,LRH,4,IN,Q_tlw,1967,22331.0,I
356,LRH,4,IN,Q_tlw,1968,24791.0,I
356,LRH,4,IN,Q_tlw,1969,27522.0,I
356,LRH,4,IN,Q_tlw,1970,30554.0,I
356,LRH,4,IN,Q_tlw,1971,33919.0,I
356,LRH,4,IN,Q_tlw,1972,37656.0,I
356,LRH,4,IN,Q_tlw,1973,41804.0,I
356,LRH,4,IN,Q_tlw,1974,46408.0,I
356,LRH,4,IN,Q_tlw,1975,51521.0,I
356,LRH,4,IN,Q_tlw,1976,57196.0,I
356,LRH,4,IN,Q_tlw,1977,63496.0,I
356,LRH,4,IN,Q_tlw,1978,70491.0,I
356,LRH,4,IN,Q_tlw,1979,78256.0,I
356,LRH,4,IN,Q_tlw,1980,86876.0,I
356,LRH,4,IN,Q_tlw,1981,96446.0,I
356,LRH,4,IN,Q_tlw,1982,107070.0,I
356,LRH,4,IN,Q_tlw,1983,118864.0,I
356,LRH,4,IN,Q_tlw,1984,131000.0,I
356,LRH,4,IN,Q_tlw,1985,144000.0,I
356,LRH,4,IN,Q_tlw,1986,157000.0,I
356,LRH,4,IN,Q_tlw,1987,183000.0,I
356,LRH,4,IN,Q_tlw,1988,209000.0,I
356,LRH,4,IN,Q_tlw,1989,235000.0,I
356,LRH,4,IN,Q_tlw,1990,235559.0,A
356,LRH,4,IN,Q_tlw,1991,288096.0,A
356,LRH,4,IN,Q_tlw,1992,301816.0,A
356,LRH,4,IN,Q_tlw,1993,342500.0,A
356,LRH,4,IN,Q_tlw,1994,354270.0,A
356,LRH,4,IN,Q_tlw,1995,399080.0,A
356,LRH,4,IN,Q_tlw,1996,491726.0,A
356,LRH,4,IN,Q_tlw,1997,519321.0,A
356,LRH,4,IN,Q_tlw,1998,467974.0,A
356,LRH,4,IN,Q_tlw,1999,515559.0,A
356,LRH,4,IN,Q_tlw,2000,516542.0,A
356,LRH,4,IN,Q_tlw,2001,378778.0,A
356,LRH,4,IN,Q_tlw,2002,440842.0,A
356,LRH,4,IN,Q_tlw,2003,437540.0,A
356,LRH,4,IN,Q_tlw,2004,923156.0,A
356,LRH,4,IN,Q_tlw,2005,931556.0,A
356,LRH,4,IN,Q_tlw,2006,1048357.0,A
356,LRH,4,IN,Q_tlw,2007,386076.0,A
356,LRH,4,IN,Q_tlw,2008,504745.0,A
356,LRH,4,IN,Q_tlw,2009,495707.0,A
356,LRH,4,IN,Q_tlw,2010,279004.0,A
356,LRH,4,IN,Q_tlw,2011,645300.0,A
356,LRH,4,IN,Q_tlw,2012,627662.0,A
356,LRH,4,IN,Q_tlw,2013,743284.0,A
356,LRH,4,IN,Q_tlw,2014,790000.0,I
356,LRH,4,IN,Q_tlw,2015,846000.0,I
356,LRH,4,IN,Q_tlw,2016,900000.0,I
356,LRH,4,IN,Q_tlw,2017,960000.0,I
356,LRH,4,IN,Q_tlw,2018,1116000.0,I
356,LRH,4,IN,Q_tlw,2019,1256000.0,I
356,LRH,4,IN,Q_tlw,2020,1371590.0,A
356,LRH,4,IN,Q_tlw,2021,1469300.0,I
356,LRH,4,IN,Q_tlw,2022,1613900.0,I
356,LRH,4,IN,Q_tlw,2023,1943012.0,A
356,LRH,4,IN,Q_tlw,2024,2018712.0,A
356,OBL,4,IN,Q_tlw,1970,0.0,A
356,OBL,4,IN,Q_tlw,1971,0.0,A
356,OBL,4,IN,Q_tlw,1972,0.0,A
356,OBL,4,IN,Q_tlw,1973,0.0,A
356,OBL,4,IN,Q_tlw,1974,0.0,A
356,OBL,4,IN,Q_tlw,1975,0.0,A
356,OBL,4,IN,Q_tlw,1976,0.0,A
356,OBL,4,IN,Q_tlw,1977,0.0,A
356,OBL,4,IN,Q_tlw,1978,0.0,A
356,OBL,4,IN,Q_tlw,1979,0.0,A
356,OBL,4,IN,Q_tlw,1980,0.0,A
356,OBL,4,IN,Q_tlw,1981,0.0,A
356,OBL,4,IN,Q_tlw,1982,0.0,A
356,OBL,4,IN,Q_tlw,1983,0.0,A
356,OBL,4,IN,Q_tlw,1984,0.0,A
356,OBL,4,IN,Q_tlw,1985,0.0,A
356,OBL,4,IN,Q_tlw,1986,0.0,A
356,OBL,4,IN,Q_tlw,1987,0.0,A
356,OBL,4,IN,Q_tlw,1988,0.0,A
356,OBL,4,IN,Q_tlw,1989,0.0,A
356,OBL,4,IN,Q_tlw,1990,0.0,A
356,OBL,4,IN,Q_tlw,1991,0.0,A
356,OBL,4,IN,Q_tlw,1992,0.0,A
356,OBL,4,IN,Q_tlw,1993,0.0,A
356,OBL,4,IN,Q_tlw,1994,0.0,A
356,OBL,4,IN,Q_tlw,1995,0.0,A
356,OBL,4,IN,Q_tlw,1996,0.0,A
356,OBL,4,IN,Q_tlw,1997,0.0,A
356,OBL,4,IN,Q_tlw,1998,0.0,A
356,OBL,4,IN,Q_tlw,1999,0.0,A
356,OBL,4,IN,Q_tlw,2000,0.0,A
356,OBL,4,IN,Q_tlw,2001,0.0,A
356,OBL,4,IN,Q_tlw,2002,0.0,A
356,OBL,4,IN,Q_tlw,2003,0.0,A
356,OBL,4,IN,Q_tlw,2004,0.0,A
356,OBL,4,IN,Q_tlw,2005,0.0,A
356,OBL,4,IN,Q_tlw,2006,8.0,A
356,OBL,4,IN,Q_tlw,2007,864.0,A
356,OBL,4,IN,Q_tlw,2008,1189.0,A
356,OBL,4,IN,Q_tlw,2009,901.0,A
356,OBL,4,IN,Q_tlw,2010,1000.0,I
356,OBL,4,IN,Q_tlw,2011,1200.0,I
356,OBL,4,IN,Q_tlw,2012,1500.0,I
356,OBL,4,IN,Q_tlw,2013,1750.0,I
356,OBL,4,IN,Q_tlw,2014,1900.0,I
356,OBL,4,IN,Q_tlw,2015,2100.0,I
356,OBL,4,IN,Q_tlw,2016,2150.0,I
356,OBL,4,IN,Q_tlw,2017,2250.0,I
356,OBL,4,IN,Q_tlw,2018,2250.0,I
356,OBL,4,IN,Q_tlw,2019,2300.0,I
356,OBL,4,IN,Q_tlw,2020,2300.0,A
356,OBL,4,IN,Q_tlw,2021,2400.0,I
356,OBL,4,IN,Q_tlw,2022,2450.0,I
356,OBL,4,IN,Q_tlw,2023,2500.0,I
356,OBL,4,IN,Q_tlw,2024,2637.0,A
356,FCG,4,IN,Q_tlw,1993,13208.0,A
356,FCG,4,IN,Q_tlw,1994,10585.0,A
356,FCG,4,IN,Q_tlw,1995,14435.0,A
356,FCG,4,IN,Q_tlw,1996,15305.0,A
356,FCG,4,IN,Q_tlw,1997,31039.0,A
356,FCG,4,IN,Q_tlw,1998,123100.0,A
356,FCG,4,IN,Q_tlw,1999,137200.0,A
356,FCG,4,IN,Q_tlw,2000,130400.0,A
356,FCG,4,IN,Q_tlw,2001,49767.0,A
356,FCG,4,IN,Q_tlw,2002,70011.0,A
356,FCG,4,IN,Q_tlw,2003,120086.0,A
356,FCG,4,IN,Q_tlw,2010,25118.0,A
356,FCG,4,IN,Q_tlw,2011,103330.0,A
356,FCG,4,IN,Q_tlw,2012,123240.0,A
356,FCG,4,IN,Q_tlw,2013,17400.0,I
356,FCG,4,IN,Q_tlw,2014,18000.0,I
356,FCG,4,IN,Q_tlw,2015,19000.0,I
356,FCG,4,IN,Q_tlw,2016,20000.0,I
356,FCG,4,IN,Q_tlw,2017,21000.0,I
356,FCG,4,IN,Q_tlw,2018,24000.0,I
356,FCG,4,IN,Q_tlw,2019,27000.0,I
356,FCG,4,IN,Q_tlw,2020,29072.0,A
356,FCG,4,IN,Q_tlw,2021,31100.0,I
356,FCG,4,IN,Q_tlw,2022,34200.0,I
356,FCG,4,IN,Q_tlw,2023,36936.0,A
356,FCG,4,IN,Q_tlw,2024,41132.0,A
356,SVC,4,IN,Q_tlw,1993,1505.0,A
356,SVC,4,IN,Q_tlw,1994,1804.0,A
356,SVC,4,IN,Q_tlw,1995,1980.0,A
356,SVC,4,IN,Q_tlw,1996,3755.0,A
356,SVC,4,IN,Q_tlw,1997,3809.0,A
356,SVC,4,IN,Q_tlw,1998,13463.0,A
356,SVC,4,IN,Q_tlw,1999,15034.0,A
356,SVC,4,IN,Q_tlw,2000,14215.0,A
356,SVC,4,IN,Q_tlw,2001,390907.0,A
356,SVC,4,IN,Q_tlw,2002,172032.0,A
356,SVC,4,IN,Q_tlw,2003,158553.0,A
356,SVC,4,IN,Q_tlw,2004,279845.0,A
356,SVC,4,IN,Q_tlw,2005,352187.0,A
356,SVC,4,IN,Q_tlw,2006,341291.0,A
356,SVC,4,IN,Q_tlw,2007,209466.0,A
356,SVC,4,IN,Q_tlw,2008,281011.0,A
356,SVC,4,IN,Q_tlw,2009,285602.0,A
356,SVC,4,IN,Q_tlw,2010,129847.0,A
356,SVC,4,IN,Q_tlw,2011,103331.0,A
356,SVC,4,IN,Q_tlw,2012,123240.0,A
356,SVC,4,IN,Q_tlw,2013,301339.0,A
356,SVC,4,IN,Q_tlw,2014,320000.0,I
356,SVC,4,IN,Q_tlw,2015,343000.0,I
356,SVC,4,IN,Q_tlw,2016,360000.0,I
356,SVC,4,IN,Q_tlw,2017,385000.0,I
356,SVC,4,IN,Q_tlw,2018,444000.0,I
356,SVC,4,IN,Q_tlw,2019,504000.0,I
356,SVC,4,IN,Q_tlw,2020,549460.0,A
356,SVC,4,IN,Q_tlw,2021,588600.0,I
356,SVC,4,IN,Q_tlw,2022,646500.0,I
356,SVC,4,IN,Q_tlw,2023,698220.0,A
356,SVC,4,IN,Q_tlw,2024,735526.0,A
356,ETS,4,IN,Q_tlw,2008,80.0,I
356,ETS,4,IN,Q_tlw,2009,80.0,I
356,ETS,4,IN,Q_tlw,2010,100.0,I
356,ETS,4,IN,Q_tlw,2011,100.0,I
356,ETS,4,IN,Q_tlw,2012,100.0,I
356,ETS,4,IN,Q_tlw,2013,100.0,I
356,ETS,4,IN,Q_tlw,2014,150.0,I
356,ETS,4,IN,Q_tlw,2015,150.0,I
356,ETS,4,IN,Q_tlw,2016,150.0,I
356,ETS,4,IN,Q_tlw,2017,150.0,I
356,ETS,4,IN,Q_tlw,2018,200.0,I
356,ETS,4,IN,Q_tlw,2019,200.0,I
356,ETS,4,IN,Q_tlw,2020,200.0,I
356,ETS,4,IN,Q_tlw,2021,300.0,I
356,ETS,4,IN,Q_tlw,2022,300.0,I
356,ETS,4,IN,Q_tlw,2023,300.0,I
356,ETS,4,IN,Q_tlw,2024,330.0,A
356,TLN,4,IN,Q_tlw,2008,5000.0,I
356,TLN,4,IN,Q_tlw,2009,6000.0,I
356,TLN,4,IN,Q_tlw,2010,7000.0,I
356,TLN,4,IN,Q_tlw,2011,7800.0,I
356,TLN,4,IN,Q_tlw,2012,8500.0,I
356,TLN,4,IN,Q_tlw,2013,9000.0,I
356,TLN,4,IN,Q_tlw,2014,10000.0,I
356,TLN,4,IN,Q_tlw,2015,11000.0,I
356,TLN,4,IN,Q_tlw,2016,12000.0,I
356,TLN,4,IN,Q_tlw,2017,13000.0,I
356,TLN,4,IN,Q_tlw,2018,14000.0,I
356,TLN,4,IN,Q_tlw,2019,15000.0,I
356,TLN,4,IN,Q_tlw,2020,16500.0,I
356,TLN,4,IN,Q_tlw,2021,18000.0,I
356,TLN,4,IN,Q_tlw,2022,19000.0,I
356,TLN,4,IN,Q_tlw,2023,20000.0,I
356,TLN,4,IN,Q_tlw,2024,20947.0,A
356,PGS,4,IN,Q_tlw,2008,400000.0,I
356,PGS,4,IN,Q_tlw,2009,400000.0,I
356,PGS,4,IN,Q_tlw,2010,450000.0,I
356,PGS,4,IN,Q_tlw,2011,450000.0,I
356,PGS,4,IN,Q_tlw,2012,500000.0,I
356,PGS,4,IN,Q_tlw,2013,500000.0,I
356,PGS,4,IN,Q_tlw,2014,500000.0,I
356,PGS,4,IN,Q_tlw,2015,450000.0,I
356,PGS,4,IN,Q_tlw,2016,450000.0,I
356,PGS,4,IN,Q_tlw,2017,450000.0,I
356,PGS,4,IN,Q_tlw,2018,523000.0,I
356,PGS,4,IN,Q_tlw,2019,594000.0,I
356,PGS,4,IN,Q_tlw,2020,613600.0,A
356,PGS,4,IN,Q_tlw,2021,657300.0,I
356,PGS,4,IN,Q_tlw,2022,722000.0,I
356,PGS,4,IN,Q_tlw,2023,779760.0,A
356,PGS,4,IN,Q_tlw,2024,832191.0,A
356,CTO,4,IN,Q_tlw,1968,41.0,I
356,CTO,4,IN,Q_tlw,1969,423.0,I
356,CTO,4,IN,Q_tlw,1970,1107.0,I
356,CTO,4,IN,Q_tlw,1971,3137.0,I
356,CTO,4,IN,Q_tlw,1972,5900.0,I
356,CTO,4,IN,Q_tlw,1973,8795.0,I
356,CTO,4,IN,Q_tlw,1974,9937.0,I
356,CTO,4,IN,Q_tlw,1975,11174.0,I
356,CTO,4,IN,Q_tlw,1976,12508.0,I
356,CTO,4,IN,Q_tlw,1977,13945.0,I
356,CTO,4,IN,Q_tlw,1978,15488.0,I
356,CTO,4,IN,Q_tlw,1979,17140.0,I
356,CTO,4,IN,Q_tlw,1980,18905.0,I
356,CTO,4,IN,Q_tlw,1981,20788.0,I
356,CTO,4,IN,Q_tlw,1982,22791.0,I
356,CTO,4,IN,Q_tlw,1983,24919.0,I
356,CTO,4,IN,Q_tlw,1984,30000.0,I
356,CTO,4,IN,Q_tlw,1985,35000.0,I
356,CTO,4,IN,Q_tlw,1986,36000.0,I
356,CTO,4,IN,Q_tlw,1987,36500.0,I
356,CTO,4,IN,Q_tlw,1988,36500.0,I
356,CTO,4,IN,Q_tlw,1989,38000.0,I
356,CTO,4,IN,Q_tlw,1990,39260.0,A
356,CTO,4,IN,Q_tlw,1991,34912.0,A
356,CTO,4,IN,Q_tlw,1992,50323.0,A
356,CTO,4,IN,Q_tlw,1993,50000.0,I
356,CTO,4,IN,Q_tlw,1994,50000.0,I
356,CTO,4,IN,Q_tlw,1995,52848.0,A
356,CTO,4,IN,Q_tlw,1996,85127.0,A
356,CTO,4,IN,Q_tlw,1997,91163.0,A
356,CTO,4,IN,Q_tlw,1998,34292.0,A
356,CTO,4,IN,Q_tlw,1999,42878.0,A
356,CTO,4,IN,Q_tlw,2000,2140.0,A
356,CTO,4,IN,Q_tlw,2001,2617.0,A
356,CTO,4,IN,Q_tlw,2002,40939.0,A
356,CTO,4,IN,Q_tlw,2003,42016.0,A
356,CTO,4,IN,Q_tlw,2004,44247.0,A
356,CTO,4,IN,Q_tlw,2005,45740.0,A
356,CTO,4,IN,Q_tlw,2006,56453.0,A
356,CTO,4,IN,Q_tlw,2007,38212.0,A
356,CTO,4,IN,Q_tlw,2008,12000.0,I
356,CTO,4,IN,Q_tlw,2009,14500.0,I
356,CTO,4,IN,Q_tlw,2010,16500.0,I
356,CTO,4,IN,Q_tlw,2011,17800.0,I
356,CTO,4,IN,Q_tlw,2012,18900.0,I
356,CTO,4,IN,Q_tlw,2013,21259.5,I
356,CTO,4,IN,Q_tlw,2014,21300.0,I
356,CTO,4,IN,Q_tlw,2015,22800.0,I
356,CTO,4,IN,Q_tlw,2016,27000.0,I
356,CTO,4,IN,Q_tlw,2017,28800.0,I
356,CTO,4,IN,Q_tlw,2018,34200.0,I
356,CTO,4,IN,Q_tlw,2019,38850.0,I
356,CTO,4,IN,Q_tlw,2020,43037.1,A
356,CTO,4,IN,Q_tlw,2021,46080.0,I
356,CTO,4,IN,Q_tlw,2022,50610.0,I
356,CTO,4,IN,Q_tlw,2023,54658.8,I
356,CTO,4,IN,Q_tlw,2024,59619.0,A
356,CLZ,4,IN,Q_tlw,2008,28000.0,I
356,CLZ,4,IN,Q_tlw,2009,33000.0,I
356,CLZ,4,IN,Q_tlw,2010,38000.0,I
356,CLZ,4,IN,Q_tlw,2011,42000.0,I
356,CLZ,4,IN,Q_tlw,2012,45000.0,I
356,CLZ,4,IN,Q_tlw,2013,49605.5,I
356,CLZ,4,IN,Q_tlw,2014,49700.0,I
356,CLZ,4,IN,Q_tlw,2015,53200.0,I
356,CLZ,4,IN,Q_tlw,2016,63000.0,I
356,CLZ,4,IN,Q_tlw,2017,67200.0,I
356,CLZ,4,IN,Q_tlw,2018,79800.0,I
356,CLZ,4,IN,Q_tlw,2019,90650.0,I
356,CLZ,4,IN,Q_tlw,2020,100419.9,A
356,CLZ,4,IN,Q_tlw,2021,107520.0,I
356,CLZ,4,IN,Q_tlw,2022,118090.0,I
356,CLZ,4,IN,Q_tlw,2023,127537.2,I
356,CLZ,4,IN,Q_tlw,2024,132126.0,A
356,FPC,4,IN,Q_tlw,1950,6081.0,I
356,FPC,4,IN,Q_tlw,1951,6380.0,I
356,FPC,4,IN,Q_tlw,1952,6693.0,I
356,FPC,4,IN,Q_tlw,1953,7022.0,I
356,FPC,4,IN,Q_tlw,1954,7368.0,I
356,FPC,4,IN,Q_tlw,1955,7730.0,I
356,FPC,4,IN,Q_tlw,1956,8110.0,I
356,FPC,4,IN,Q_tlw,1957,8509.0,I
356,FPC,4,IN,Q_tlw,1958,8927.0,I
356,FPC,4,IN,Q_tlw,1959,9366.0,I
356,FPC,4,IN,Q_tlw,1960,9827.0,I
356,FPC,4,IN,Q_tlw,1961,10310.0,I
356,FPC,4,IN,Q_tlw,1962,10817.0,I
356,FPC,4,IN,Q_tlw,1963,11349.0,I
356,FPC,4,IN,Q_tlw,1964,11907.0,I
356,FPC,4,IN,Q_tlw,1965,12492.0,I
356,FPC,4,IN,Q_tlw,1966,13107.0,I
356,FPC,4,IN,Q_tlw,1967,13751.0,I
356,FPC,4,IN,Q_tlw,1968,14427.0,I
356,FPC,4,IN,Q_tlw,1969,15137.0,I
356,FPC,4,IN,Q_tlw,1970,15881.0,I
356,FPC,4,IN,Q_tlw,1971,16662.0,I
356,FPC,4,IN,Q_tlw,1972,17481.0,I
356,FPC,4,IN,Q_tlw,1973,18341.0,I
356,FPC,4,IN,Q_tlw,1974,19242.0,I
356,FPC,4,IN,Q_tlw,1975,20189.0,I
356,FPC,4,IN,Q_tlw,1976,21181.0,I
356,FPC,4,IN,Q_tlw,1977,22223.0,I
356,FPC,4,IN,Q_tlw,1978,23315.0,I
356,FPC,4,IN,Q_tlw,1979,24462.0,I
356,FPC,4,IN,Q_tlw,1980,25665.0,I
356,FPC,4,IN,Q_tlw,1981,26927.0,I
356,FPC,4,IN,Q_tlw,1982,28251.0,I
356,FPC,4,IN,Q_tlw,1983,29640.0,I
356,FPC,4,IN,Q_tlw,1984,32000.0,I
356,FPC,4,IN,Q_tlw,1985,35000.0,I
356,FPC,4,IN,Q_tlw,1986,36000.0,I
356,FPC,4,IN,Q_tlw,1987,36500.0,I
356,FPC,4,IN,Q_tlw,1988,36500.0,I
356,FPC,4,IN,Q_tlw,1989,38000.0,I
356,FPC,4,IN,Q_tlw,1990,39260.0,A
356,FPC,4,IN,Q_tlw,1991,34912.0,A
356,FPC,4,IN,Q_tlw,1992,50323.0,A
356,FPC,4,IN,Q_tlw,1993,50000.0,I
356,FPC,4,IN,Q_tlw,1994,50000.0,I
356,FPC,4,IN,Q_tlw,1995,55000.0,I
356,FPC,4,IN,Q_tlw,1996,55000.0,I
356,FPC,4,IN,Q_tlw,1997,60000.0,I
356,FPC,4,IN,Q_tlw,1998,65000.0,I
356,FPC,4,IN,Q_tlw,1999,65000.0,I
356,FSN,4,IN,Q_tlw,1998,69124.0,A
356,FSN,4,IN,Q_tlw,1999,79864.0,A
356,FSN,4,IN,Q_tlw,2000,80740.0,A
356,FSN,4,IN,Q_tlw,2001,1301.0,A
356,FSN,4,IN,Q_tlw,2002,30426.0,A
356,FSN,4,IN,Q_tlw,2003,32275.0,A
356,FSN,4,IN,Q_tlw,2004,25986.0,A
356,FSN,4,IN,Q_tlw,2005,32562.0,A
356,FSN,4,IN,Q_tlw,2006,31907.0,A
356,FSN,4,IN,Q_tlw,2007,39994.0,A
356,FRF,4,IN,Q_tlw,1950,3503.0,I
356,FRF,4,IN,Q_tlw,1951,3913.0,I
356,FRF,4,IN,Q_tlw,1952,4371.0,I
356,FRF,4,IN,Q_tlw,1953,4882.0,I
356,FRF,4,IN,Q_tlw,1954,5454.0,I
356,FRF,4,IN,Q_tlw,1955,6092.0,I
356,FRF,4,IN,Q_tlw,1956,6806.0,I
356,FRF,4,IN,Q_tlw,1957,7602.0,I
356,FRF,4,IN,Q_tlw,1958,8492.0,I
356,FRF,4,IN,Q_tlw,1959,9486.0,I
356,FRF,4,IN,Q_tlw,1960,10597.0,I
356,FRF,4,IN,Q_tlw,1961,11837.0,I
356,FRF,4,IN,Q_tlw,1962,13223.0,I
356,FRF,4,IN,Q_tlw,1963,14771.0,I
356,FRF,4,IN,Q_tlw,1964,16500.0,I
356,FRF,4,IN,Q_tlw,1965,18431.0,I
356,FRF,4,IN,Q_tlw,1966,20589.0,I
356,FRF,4,IN,Q_tlw,1967,22999.0,I
356,FRF,4,IN,Q_tlw,1968,25691.0,I
356,FRF,4,IN,Q_tlw,1969,28699.0,I
356,FRF,4,IN,Q_tlw,1970,32058.0,I
356,FRF,4,IN,Q_tlw,1971,35811.0,I
356,FRF,4,IN,Q_tlw,1972,40003.0,I
356,FRF,4,IN,Q_tlw,1973,44686.0,I
356,FRF,4,IN,Q_tlw,1974,49917.0,I
356,FRF,4,IN,Q_tlw,1975,55760.0,I
356,FRF,4,IN,Q_tlw,1976,62287.0,I
356,FRF,4,IN,Q_tlw,1977,69578.0,I
356,FRF,4,IN,Q_tlw,1978,77723.0,I
356,FRF,4,IN,Q_tlw,1979,86821.0,I
356,FRF,4,IN,Q_tlw,1980,96985.0,I
356,FRF,4,IN,Q_tlw,1981,108338.0,I
356,FRF,4,IN,Q_tlw,1982,121020.0,I
356,FRF,4,IN,Q_tlw,1983,135186.0,I
356,FRF,4,IN,Q_tlw,1984,152000.0,I
356,FRF,4,IN,Q_tlw,1985,167000.0,I
356,FRF,4,IN,Q_tlw,1986,182000.0,I
356,FRF,4,IN,Q_tlw,1987,213000.0,I
356,FRF,4,IN,Q_tlw,1988,243000.0,I
356,FRF,4,IN,Q_tlw,1989,274000.0,I
356,FRF,4,IN,Q_tlw,1990,274810.0,A
356,FRF,4,IN,Q_tlw,1991,348436.0,A
356,FRF,4,IN,Q_tlw,1992,352140.0,A
356,FRF,4,IN,Q_tlw,1993,216037.0,A
356,FRF,4,IN,Q_tlw,1994,268537.0,A
356,FRF,4,IN,Q_tlw,1995,269118.0,A
356,FRF,4,IN,Q_tlw,1996,88019.0,A
356,FRF,4,IN,Q_tlw,1997,82804.0,A
356,FRF,4,IN,Q_tlw,1998,99646.0,A
356,FRF,4,IN,Q_tlw,1999,147556.0,A
356,FRF,4,IN,Q_tlw,2000,40852.0,A
356,FRF,4,IN,Q_tlw,2001,98857.0,A
356,FRF,4,IN,Q_tlw,2002,101683.0,A
356,FRF,4,IN,Q_tlw,2003,107200.0,A
356,FRF,4,IN,Q_tlw,2004,108959.0,A
356,FRF,4,IN,Q_tlw,2005,39500.0,I
356,FRF,4,IN,Q_tlw,2006,139779.0,A
356,FRF,4,IN,Q_tlw,2007,180085.0,A
356,FRF,4,IN,Q_tlw,2008,264659.0,I
356,FRF,4,IN,Q_tlw,2009,190628.0,I
356,FRF,4,IN,Q_tlw,2010,134688.0,A
356,FRF,4,IN,Q_tlw,2011,101485.0,A
356,FRF,4,IN,Q_tlw,2012,216511.0,A
356,FRF,4,IN,Q_tlw,2013,269478.0,I
356,FRF,4,IN,Q_tlw,2014,484231.0,I
356,FRF,4,IN,Q_tlw,2015,721683.0,I
356,FRF,4,IN,Q_tlw,2016,769569.0,I
356,FRF,4,IN,Q_tlw,2017,862483.0,I
356,FRF,4,IN,Q_tlw,2018,1048100.0,I
356,FRF,4,IN,Q_tlw,2019,1140112.0,I
356,FRF,4,IN,Q_tlw,2020,1215082.0,A
356,FRF,4,IN,Q_tlw,2021,1401206.0,I
356,FRF,4,IN,Q_tlw,2022,1540875.0,I
356,FRF,4,IN,Q_tlw,2023,1603429.0,I
356,FRF,4,IN,Q_tlw,2024,1761928.0,A
356,TRR,4,IN,Q_tlw,1985,250.0,I
356,TRR,4,IN,Q_tlw,1986,260.0,I
356,TRR,4,IN,Q_tlw,1987,310.0,I
356,TRR,4,IN,Q_tlw,1988,330.0,I
356,TRR,4,IN,Q_tlw,1989,350.0,I
356,TRR,4,IN,Q_tlw,1990,451.0,A
356,TRR,4,IN,Q_tlw,1991,1224.0,A
356,TRR,4,IN,Q_tlw,1992,602.0,A
356,TRR,4,IN,Q_tlw,1993,500.0,I
356,TRR,4,IN,Q_tlw,1994,500.0,I
356,TRR,4,IN,Q_tlw,1995,500.0,I
356,TRR,4,IN,Q_tlw,1996,500.0,I
356,TRR,4,IN,Q_tlw,1997,500.0,I
356,TRR,4,IN,Q_tlw,1998,500.0,I
356,TRR,4,IN,Q_tlw,1999,500.0,I
356,TRR,4,IN,Q_tlw,2000,500.0,I
356,TRR,4,IN,Q_tlw,2001,500.0,I
356,TRR,4,IN,Q_tlw,2002,500.0,I
356,TRR,4,IN,Q_tlw,2003,500.0,I
356,TRR,4,IN,Q_tlw,2004,500.0,I
356,TRR,4,IN,Q_tlw,2005,500.0,I
356,TRR,4,IN,Q_tlw,2006,500.0,I
356,TRR,4,IN,Q_tlw,2007,500.0,I
356,TRR,4,IN,Q_tlw,2008,500.0,I
356,TRR,4,IN,Q_tlw,2009,500.0,I
356,TRR,4,IN,Q_tlw,2010,500.0,I
356,TRR,4,IN,Q_tlw,2011,550.0,I
356,TRR,4,IN,Q_tlw,2012,550.0,I
356,TRR,4,IN,Q_tlw,2013,550.0,I
356,TRR,4,IN,Q_tlw,2014,600.0,I
356,TRR,4,IN,Q_tlw,2015,700.0,I
356,TRR,4,IN,Q_tlw,2016,800.0,I
356,TRR,4,IN,Q_tlw,2017,850.0,I
356,TRR,4,IN,Q_tlw,2018,850.0,I
356,TRR,4,IN,Q_tlw,2019,870.0,I
356,TRR,4,IN,Q_tlw,2020,976.0,A
356,TRR,4,IN,Q_tlw,2021,1000.0,I
356,TRR,4,IN,Q_tlw,2022,1100.0,I
356,TRR,4,IN,Q_tlw,2023,1188.0,A
356,TRR,4,IN,Q_tlw,2024,1316.0,A
356,HIX,4,IN,Q_tlw,1970,0.0,A
356,HIX,4,IN,Q_tlw,1971,0.0,A
356,HIX,4,IN,Q_tlw,1972,0.0,A
356,HIX,4,IN,Q_tlw,1973,0.0,A
356,HIX,4,IN,Q_tlw,1974,0.0,A
356,HIX,4,IN,Q_tlw,1975,0.0,A
356,HIX,4,IN,Q_tlw,1976,0.0,A
356,HIX,4,IN,Q_tlw,1977,0.0,A
356,HIX,4,IN,Q_tlw,1978,0.0,A
356,HIX,4,IN,Q_tlw,1979,0.0,A
356,HIX,4,IN,Q_tlw,1980,0.0,A
356,HIX,4,IN,Q_tlw,1981,0.0,A
356,HIX,4,IN,Q_tlw,1982,0.0,A
356,HIX,4,IN,Q_tlw,1983,0.0,A
356,HIX,4,IN,Q_tlw,1984,0.0,A
356,HIX,4,IN,Q_tlw,1985,0.0,A
356,HIX,4,IN,Q_tlw,1986,0.0,A
356,HIX,4,IN,Q_tlw,1987,0.0,A
356,HIX,4,IN,Q_tlw,1988,0.0,A
356,HIX,4,IN,Q_tlw,1989,0.0,A
356,HIX,4,IN,Q_tlw,1990,0.0,A
356,HIX,4,IN,Q_tlw,1991,0.0,A
356,HIX,4,IN,Q_tlw,1992,0.0,A
356,HIX,4,IN,Q_tlw,1993,0.0,A
356,HIX,4,IN,Q_tlw,1994,0.0,A
356,HIX,4,IN,Q_tlw,1995,0.0,A
356,HIX,4,IN,Q_tlw,1996,0.0,A
356,HIX,4,IN,Q_tlw,1997,0.0,A
356,HIX,4,IN,Q_tlw,1998,0.0,A
356,HIX,4,IN,Q_tlw,1999,0.0,A
356,HIX,4,IN,Q_tlw,2000,47.0,A
356,HIX,4,IN,Q_tlw,2001,1.0,A
356,HIX,4,IN,Q_tlw,2002,35.0,A
356,HIX,4,IN,Q_tlw,2003,206.0,A
356,HIX,4,IN,Q_tlw,2004,56.0,A
356,HIX,4,IN,Q_tlw,2005,132.0,A
356,HIX,4,IN,Q_tlw,2006,181.0,A
356,HIX,4,IN,Q_tlw,2007,67.0,A
356,HIX,4,IN,Q_tlw,2008,60.0,I
356,HIX,4,IN,Q_tlw,2009,60.0,I
356,HIX,4,IN,Q_tlw,2010,60.0,I
356,HIX,4,IN,Q_tlw,2011,60.0,I
356,HIX,4,IN,Q_tlw,2012,63.0,A
356,HIX,4,IN,Q_tlw,2013,184.0,A
356,HIX,4,IN,Q_tlw,2014,180.0,I
356,HIX,4,IN,Q_tlw,2015,180.0,I
356,HIX,4,IN,Q_tlw,2016,200.0,I
356,HIX,4,IN,Q_tlw,2017,200.0,I
356,HIX,4,IN,Q_tlw,2018,200.0,I
356,HIX,4,IN,Q_tlw,2019,200.0,I
356,HIX,4,IN,Q_tlw,2020,203.0,A
356,HIX,4,IN,Q_tlw,2021,200.0,I
356,HIX,4,IN,Q_tlw,2022,200.0,I
356,HIX,4,IN,Q_tlw,2023,216.0,A
356,HIX,4,IN,Q_tlw,2024,238.0,A
356,GIP,57,BW,Q_tlw,2012,900.0,I
356,GIP,57,BW,Q_tlw,2013,1500.0,I
356,GIP,57,BW,Q_tlw,2014,2000.0,I
356,GIP,57,BW,Q_tlw,2015,3000.0,I
356,GIP,57,BW,Q_tlw,2016,3600.0,I
356,GIP,57,BW,Q_tlw,2017,3900.0,I
356,GIP,57,BW,Q_tlw,2018,4250.0,I
356,GIP,57,BW,Q_tlw,2019,4400.0,I
356,GIP,57,BW,Q_tlw,2020,5311.0,A
356,GIP,57,BW,Q_tlw,2021,5700.0,I
356,GIP,57,BW,Q_tlw,2022,6300.0,I
356,GIP,57,BW,Q_tlw,2023,6804.0,A
356,GIP,57,BW,Q_tlw,2024,7147.0,A
356,MZZ,57,BW,Q_tlw,1984,0.0,A
356,MZZ,57,BW,Q_tlw,1986,0.0,A
356,MZZ,57,BW,Q_tlw,1987,0.0,A
356,MZZ,57,BW,Q_tlw,1988,0.0,A
356,MZZ,57,BW,Q_tlw,1989,0.0,A
356,MZZ,57,BW,Q_tlw,1990,0.0,A
356,MZZ,57,BW,Q_tlw,1991,0.0,A
356,MZZ,57,BW,Q_tlw,1992,0.0,A
356,MZZ,57,BW,Q_tlw,1993,0.0,A
356,MZZ,57,BW,Q_tlw,1994,0.0,A
356,MZZ,57,BW,Q_tlw,1995,0.0,A
356,MZZ,57,BW,Q_tlw,1996,0.0,A
356,MZZ,57,BW,Q_tlw,1997,1429.0,A
356,MZZ,57,BW,Q_tlw,1998,1740.0,A
356,MZZ,57,BW,Q_tlw,2003,2644.0,A
356,MZZ,57,BW,Q_tlw,2004,8000.0,A
356,MZZ,57,BW,Q_tlw,2005,17000.0,I
356,MZZ,57,BW,Q_tlw,2006,75000.0,A
356,MZZ,57,BW,Q_tlw,2007,42102.0,A
356,MZZ,57,BW,Q_tlw,2008,183570.0,I
356,MZZ,57,BW,Q_tlw,2009,127779.0,I
356,MZZ,57,BW,Q_tlw,2010,18693.0,A
356,MZZ,57,BW,Q_tlw,2011,52808.0,A
356,MZZ,57,BW,Q_tlw,2012,80264.0,I
356,MZZ,57,BW,Q_tlw,2013,85400.0,I
356,MZZ,57,BW,Q_tlw,2014,83000.0,I
356,MZZ,57,BW,Q_tlw,2015,81000.0,I
356,MZZ,57,BW,Q_tlw,2016,79900.0,I
356,MZZ,57,BW,Q_tlw,2017,85100.0,I
356,MZZ,57,BW,Q_tlw,2018,98250.0,I
356,MZZ,57,BW,Q_tlw,2019,113000.0,I
356,MZZ,57,BW,Q_tlw,2020,118724.0,A
356,MZZ,57,BW,Q_tlw,2021,127200.0,I
356,MZZ,57,BW,Q_tlw,2022,139700.0,I
356,MZZ,57,BW,Q_tlw,2023,150876.0,A
356,MZZ,57,BW,Q_tlw,2024,154630.0,A
356,PPF,4,IN,Q_tlw,2010,33414.0,A
356,PPF,4,IN,Q_tlw,2011,21833.0,A
356,PPF,4,IN,Q_tlw,2012,30426.0,A
356,MBM,4,IN,Q_tlw,2003,227.0,A
356,MBM,4,IN,Q_tlw,2004,245.0,A
356,MBM,4,IN,Q_tlw,2005,3938.0,A
356,MBM,4,IN,Q_tlw,2006,4039.0,A
356,MBM,4,IN,Q_tlw,2007,4100.0,A
356,PRF,4,IN,Q_tlw,1989,150.0,A
356,PRF,4,IN,Q_tlw,1990,198.0,A
356,PRF,4,IN,Q_tlw,1991,196.0,A
356,PRF,4,IN,Q_tlw,1992,455.0,A
356,PRF,4,IN,Q_tlw,1993,178.0,A
356,PRF,4,IN,Q_tlw,1994,311.0,A
356,PRF,4,IN,Q_tlw,1995,300.0,I
356,PRF,4,IN,Q_tlw,1996,178.0,A
356,PRF,4,IN,Q_tlw,1997,1500.0,A
356,PRF,4,IN,Q_tlw,1998,3900.0,A
356,PRF,4,IN,Q_tlw,1999,7000.0,A
356,PRF,4,IN,Q_tlw,2000,16600.0,A
356,PRF,4,IN,Q_tlw,2001,24230.0,A
356,PRF,4,IN,Q_tlw,2002,30500.0,A
356,PRF,4,IN,Q_tlw,2003,35870.0,A
356,PRF,4,IN,Q_tlw,2004,38720.0,A
356,PRF,4,IN,Q_tlw,2005,42820.0,A
356,PRF,4,IN,Q_tlw,2006,30115.0,A
356,PRF,4,IN,Q_tlw,2007,27262.0,A
356,PRF,4,IN,Q_tlw,2008,12800.0,A
356,PRF,4,IN,Q_tlw,2009,6600.0,A
356,PRF,4,IN,Q_tlw,2013,6900.0,A
356,PRF,4,IN,Q_tlw,2014,8680.0,A
356,PRF,4,IN,Q_tlw,2015,8729.0,A
356,PRF,4,IN,Q_tlw,2016,10162.0,A
356,PRF,4,IN,Q_tlw,2017,9056.0,A
356,PRF,4,IN,Q_tlw,2018,10000.0,I
356,PRF,4,IN,Q_tlw,2019,8702.0,A
356,PRF,4,IN,Q_tlw,2020,9128.0,A
356,PRF,4,IN,Q_tlw,2021,18086.0,A
356,PRF,4,IN,Q_tlw,2022,25479.0,A
356,PRF,4,IN,Q_tlw,2023,25344.0,A
356,PRF,4,IN,Q_tlw,2024,26368.0,A
356,YLW,57,BW,Q_tlw,2012,3000.0,I
356,YLW,57,BW,Q_tlw,2013,4000.0,I
356,YLW,57,BW,Q_tlw,2014,5000.0,I
356,YLW,57,BW,Q_tlw,2015,6000.0,I
356,YLW,57,BW,Q_tlw,2016,6500.0,I
356,YLW,57,BW,Q_tlw,2017,7000.0,I
356,YLW,57,BW,Q_tlw,2018,7500.0,I
356,YLW,57,BW,Q_tlw,2019,7600.0,I
356,YLW,57,BW,Q_tlw,2020,7900.0,A
356,YLW,57,BW,Q_tlw,2021,8400.0,I
356,YLW,57,BW,Q_tlw,2022,9200.0,I
356,YLW,57,BW,Q_tlw,2023,9200.0,I
356,YLW,57,BW,Q_tlw,2024,9774.0,A
356,PEN,51,BW,Q_tlw,2010,100714.0,A
356,PNI,57,BW,Q_tlw,1990,5100.0,A
356,PNI,57,BW,Q_tlw,1991,5700.0,A
356,PNI,57,BW,Q_tlw,1992,5700.0,A
356,PNI,57,BW,Q_tlw,1993,7500.0,A
356,PNI,57,BW,Q_tlw,1994,8600.0,A
356,PNI,57,BW,Q_tlw,1995,6000.0,A
356,PNI,57,BW,Q_tlw,1996,6000.0,A
356,PNI,57,BW,Q_tlw,1997,5943.0,A
356,PNI,57,BW,Q_tlw,1998,5734.0,A
356,PNI,57,BW,Q_tlw,1999,4870.0,A
356,PNI,57,BW,Q_tlw,2000,5740.0,A
356,PNI,57,BW,Q_tlw,2001,5830.0,A
356,PNI,57,BW,Q_tlw,2002,5980.0,A
356,PNI,57,BW,Q_tlw,2003,4560.0,A
356,PNI,57,BW,Q_tlw,2004,5218.0,A
356,PNI,57,BW,Q_tlw,2005,1100.0,A
356,PNI,57,BW,Q_tlw,2006,1380.0,A
356,PNI,57,BW,Q_tlw,2007,6500.0,A
356,PNI,57,BW,Q_tlw,2008,10600.0,I
356,PNI,57,BW,Q_tlw,2009,5200.0,A
356,PNI,57,BW,Q_tlw,2011,1200.0,I
356,PNI,57,BW,Q_tlw,2012,1300.0,A
356,PNI,57,BW,Q_tlw,2013,700.0,A
356,PNI,57,BW,Q_tlw,2014,1419.0,A
356,PNI,57,BW,Q_tlw,2015,2368.0,A
356,PNI,57,BW,Q_tlw,2016,2637.0,A
356,PNI,57,BW,Q_tlw,2017,1311.0,A
356,PNI,57,BW,Q_tlw,2018,1300.0,I
356,PNI,57,BW,Q_tlw,2019,1024.0,A
356,PNI,57,BW,Q_tlw,2020,1209.0,A
356,PNI,57,BW,Q_tlw,2021,1200.0,I
356,PNI,57,BW,Q_tlw,2022,1300.0,I
356,PNI,57,BW,Q_tlw,2023,1400.0,I
356,PNI,57,BW,Q_tlw,2024,1545.0,A
356,GIT,4,IN,Q_tlw,2004,15431.0,A
356,GIT,4,IN,Q_tlw,2005,12365.0,A
356,GIT,4,IN,Q_tlw,2006,12812.0,A
356,GIT,4,IN,Q_tlw,2007,8300.0,A
356,GIT,4,IN,Q_tlw,2008,6200.0,I
356,GIT,4,IN,Q_tlw,2009,6800.0,A
356,GIT,4,IN,Q_tlw,2011,5000.0,I
356,GIT,4,IN,Q_tlw,2012,5000.0,A
356,GIT,4,IN,Q_tlw,2013,200.0,A
356,GIT,57,BW,Q_tlw,1970,20.0,I
356,GIT,57,BW,Q_tlw,1971,50.0,I
356,GIT,57,BW,Q_tlw,1972,110.0,I
356,GIT,57,BW,Q_tlw,1973,250.0,I
356,GIT,57,BW,Q_tlw,1974,424.0,I
356,GIT,57,BW,Q_tlw,1975,696.0,I
356,GIT,57,BW,Q_tlw,1976,1382.0,I
356,GIT,57,BW,Q_tlw,1977,1906.0,I
356,GIT,57,BW,Q_tlw,1978,2523.0,I
356,GIT,57,BW,Q_tlw,1979,3124.0,I
356,GIT,57,BW,Q_tlw,1980,3868.0,I
356,GIT,57,BW,Q_tlw,1981,4790.0,I
356,GIT,57,BW,Q_tlw,1982,5933.0,I
356,GIT,57,BW,Q_tlw,1983,7346.0,I
356,GIT,57,BW,Q_tlw,1984,10000.0,I
356,GIT,57,BW,Q_tlw,1985,13000.0,I
356,GIT,57,BW,Q_tlw,1986,14000.0,I
356,GIT,57,BW,Q_tlw,1987,15000.0,I
356,GIT,57,BW,Q_tlw,1988,20000.0,I
356,GIT,57,BW,Q_tlw,1989,28000.0,I
356,GIT,57,BW,Q_tlw,1990,29900.0,A
356,GIT,57,BW,Q_tlw,1991,34300.0,A
356,GIT,57,BW,Q_tlw,1992,41100.0,A
356,GIT,57,BW,Q_tlw,1993,54500.0,A
356,GIT,57,BW,Q_tlw,1994,74300.0,A
356,GIT,57,BW,Q_tlw,1995,64000.0,A
356,GIT,57,BW,Q_tlw,1996,64400.0,A
356,GIT,57,BW,Q_tlw,1997,60925.0,A
356,GIT,57,BW,Q_tlw,1998,76900.0,A
356,GIT,57,BW,Q_tlw,1999,73700.0,A
356,GIT,57,BW,Q_tlw,2000,90975.0,A
356,GIT,57,BW,Q_tlw,2001,97100.0,A
356,GIT,57,BW,Q_tlw,2002,108990.0,A
356,GIT,57,BW,Q_tlw,2003,108680.0,A
356,GIT,57,BW,Q_tlw,2004,112371.0,A
356,GIT,57,BW,Q_tlw,2005,129705.0,A
356,GIT,57,BW,Q_tlw,2006,130155.0,A
356,GIT,57,BW,Q_tlw,2007,92865.0,A
356,GIT,57,BW,Q_tlw,2008,69800.0,I
356,GIT,57,BW,Q_tlw,2009,90080.0,A
356,GIT,57,BW,Q_tlw,2011,125000.0,I
356,GIT,57,BW,Q_tlw,2012,126900.0,A
356,GIT,57,BW,Q_tlw,2013,78300.0,A
356,GIT,57,BW,Q_tlw,2014,70389.0,A
356,GIT,57,BW,Q_tlw,2015,82043.0,A
356,GIT,57,BW,Q_tlw,2016,57330.0,A
356,GIT,57,BW,Q_tlw,2017,58450.0,A
356,GIT,57,BW,Q_tlw,2018,59000.0,I
356,GIT,57,BW,Q_tlw,2019,34615.0,A
356,GIT,57,BW,Q_tlw,2020,31032.0,A
356,GIT,57,BW,Q_tlw,2021,37945.0,A
356,GIT,57,BW,Q_tlw,2022,59356.0,A
356,GIT,57,BW,Q_tlw,2023,85907.0,A
356,GIT,57,BW,Q_tlw,2024,93516.0,A
356,PNV,4,IN,Q_tlw,2024,42892.0,I
356,PNV,57,BW,Q_tlw,2009,1730.0,A
356,PNV,57,BW,Q_tlw,2011,125000.0,I
356,PNV,57,BW,Q_tlw,2012,136300.0,A
356,PNV,57,BW,Q_tlw,2013,211200.0,A
356,PNV,57,BW,Q_tlw,2014,305251.0,A
356,PNV,57,BW,Q_tlw,2015,416347.0,A
356,PNV,57,BW,Q_tlw,2016,461302.0,A
356,PNV,57,BW,Q_tlw,2017,583400.0,A
356,PNV,57,BW,Q_tlw,2018,622000.0,I
356,PNV,57,BW,Q_tlw,2019,724267.0,A
356,PNV,57,BW,Q_tlw,2020,894772.0,A
356,PNV,57,BW,Q_tlw,2021,997263.0,A
356,PNV,57,BW,Q_tlw,2022,973540.0,A
356,PNV,57,BW,Q_tlw,2023,1153339.0,A
356,PNV,57,BW,Q_tlw,2024,1140561.0,A
356,CSI,51,MA,Q_tlw,1984,0.0,A
356,CSI,51,MA,Q_tlw,1985,0.0,A
356,CSI,51,MA,Q_tlw,1986,0.0,A
356,CSI,51,MA,Q_tlw,1987,0.0,A
356,CSI,51,MA,Q_tlw,1988,0.0,A
356,CSI,51,MA,Q_tlw,1989,0.0,A
356,CSI,51,MA,Q_tlw,1990,0.0,A
356,CSI,51,MA,Q_tlw,1991,0.0,A
356,CSI,51,MA,Q_tlw,1992,0.0,A
356,CSI,51,MA,Q_tlw,1993,0.0,A
356,CSI,51,MA,Q_tlw,1994,0.0,A
356,CSI,51,MA,Q_tlw,1995,8.0,A
356,CSI,51,MA,Q_tlw,1996,9.0,A
356,CSI,51,MA,Q_tlw,1997,11.0,A
356,CSI,51,MA,Q_tlw,1998,12.0,A
356,CSI,51,MA,Q_tlw,1999,14.0,A
356,CSI,51,MA,Q_tlw,2000,150.0,A
356,CSI,51,MA,Q_tlw,2001,250.0,A
356,CSI,51,MA,Q_tlw,2002,350.0,A
356,CSI,51,MA,Q_tlw,2003,800.0,A
356,CSI,51,MA,Q_tlw,2004,800.0,A
356,CSI,51,MA,Q_tlw,2005,900.0,A
356,CSI,51,MA,Q_tlw,2006,1500.0,A
356,CSI,51,MA,Q_tlw,2007,2150.0,A
356,CSI,51,MA,Q_tlw,2008,2400.0,A
356,CSI,51,MA,Q_tlw,2009,1450.0,A
356,CSI,51,MA,Q_tlw,2010,3200.0,A
356,CSI,51,MA,Q_tlw,2011,4058.0,A
356,CSI,51,MA,Q_tlw,2012,4202.0,A
356,CSI,51,MA,Q_tlw,2013,4650.0,I
356,CSI,51,MA,Q_tlw,2014,4700.0,I
356,CSI,51,MA,Q_tlw,2015,3900.0,I
356,CSI,51,MA,Q_tlw,2016,3900.0,I
356,CSI,51,MA,Q_tlw,2017,4000.0,I
356,CSI,51,MA,Q_tlw,2018,4000.0,I
356,CSI,51,MA,Q_tlw,2019,4000.0,I
356,CSI,51,MA,Q_tlw,2020,4000.0,A
356,CSI,51,MA,Q_tlw,2021,4200.0,I
356,CSI,51,MA,Q_tlw,2022,4600.0,I
356,CSI,51,MA,Q_tlw,2023,4968.0,A
356,CSI,51,MA,Q_tlw,2024,5491.0,A
356,MSV,51,MA,Q_tlw,1984,0.0,A
356,MSV,51,MA,Q_tlw,1985,0.0,A
356,MSV,51,MA,Q_tlw,1986,0.0,A
356,MSV,51,MA,Q_tlw,1987,0.0,A
356,MSV,51,MA,Q_tlw,1988,0.0,A
356,MSV,51,MA,Q_tlw,1989,0.0,A
356,MSV,51,MA,Q_tlw,1990,0.0,A
356,MSV,51,MA,Q_tlw,1991,0.0,A
356,MSV,51,MA,Q_tlw,1992,0.0,A
356,MSV,51,MA,Q_tlw,1993,0.0,A
356,MSV,51,MA,Q_tlw,1994,0.0,A
356,MSV,51,MA,Q_tlw,1995,0.0,A
356,MSV,51,MA,Q_tlw,1996,0.0,A
356,MSV,51,MA,Q_tlw,1997,27.0,A
356,MSV,51,MA,Q_tlw,1998,200.0,A
356,MSV,51,MA,Q_tlw,1999,609.0,A
356,MSV,51,MA,Q_tlw,2000,800.0,A
356,MSV,51,MA,Q_tlw,2001,1000.0,A
356,MSV,51,MA,Q_tlw,2002,1250.0,A
356,MSV,51,MA,Q_tlw,2003,2000.0,A
356,MSV,51,MA,Q_tlw,2004,3250.0,A
356,MSV,51,MA,Q_tlw,2005,4500.0,A
356,MSV,51,MA,Q_tlw,2006,10060.0,A
356,MSV,51,MA,Q_tlw,2007,7894.0,A
356,MSV,51,MA,Q_tlw,2008,16789.0,A
356,MSV,51,MA,Q_tlw,2009,18432.0,A
356,MSV,51,MA,Q_tlw,2010,14817.0,A
356,MSV,51,MA,Q_tlw,2011,9956.0,A
356,MSV,51,MA,Q_tlw,2012,8703.0,A
356,MSV,51,MA,Q_tlw,2013,9450.0,I
356,MSV,51,MA,Q_tlw,2014,9500.0,I
356,MSV,51,MA,Q_tlw,2015,8700.0,I
356,MSV,51,MA,Q_tlw,2016,500.0,I
356,MSV,51,MA,Q_tlw,2017,1000.0,I
356,MSV,51,MA,Q_tlw,2018,2000.0,I
356,MSV,51,MA,Q_tlw,2019,2010.0,I
356,MSV,51,MA,Q_tlw,2020,4000.0,A
356,MSV,51,MA,Q_tlw,2021,5000.0,I
356,MSV,51,MA,Q_tlw,2022,5000.0,I
356,MSV,51,MA,Q_tlw,2023,6000.0,A
356,MSV,51,MA,Q_tlw,2024,6241.0,A
356,FAG,51,MA,Q_tlw,1984,0.0,A
356,FAG,51,MA,Q_tlw,1985,0.0,A
356,FAG,51,MA,Q_tlw,1986,0.0,A
356,FAG,51,MA,Q_tlw,1987,0.0,A
356,FAG,51,MA,Q_tlw,1988,0.0,A
356,FAG,51,MA,Q_tlw,1989,0.0,A
356,FAG,51,MA,Q_tlw,1990,0.0,A
356,FAG,51,MA,Q_tlw,1991,0.0,A
356,FAG,51,MA,Q_tlw,1992,0.0,A
356,FAG,51,MA,Q_tlw,1993,0.0,A
356,FAG,51,MA,Q_tlw,1994,0.0,A
356,FAG,51,MA,Q_tlw,1995,0.0,A
356,FAG,51,MA,Q_tlw,1996,0.0,A
356,FAG,51,MA,Q_tlw,1997,0.0,A
356,FAG,51,MA,Q_tlw,1998,0.0,A
356,FAG,51,MA,Q_tlw,1999,630.0,A
356,FAG,51,MA,Q_tlw,2000,630.0,A
356,FAG,51,MA,Q_tlw,2001,630.0,A
356,SWR,57,MA,Q_tlw,2001,168.0,I
356,SWR,57,MA,Q_tlw,2002,656.0,I
356,SWR,57,MA,Q_tlw,2003,1176.0,I
356,SWR,57,MA,Q_tlw,2004,1008.0,I
356,SWR,57,MA,Q_tlw,2005,1080.0,I
356,SWR,57,MA,Q_tlw,2006,1952.0,I
356,SWR,57,MA,Q_tlw,2007,2520.0,I
356,SWR,57,MA,Q_tlw,2008,4704.0,I
356,SWR,57,MA,Q_tlw,2009,6920.0,I
356,SWR,57,MA,Q_tlw,2010,4240.0,I
356,SWR,57,MA,Q_tlw,2011,7500.0,I
356,SWR,57,MA,Q_tlw,2012,9500.0,I
356,SWR,57,MA,Q_tlw,2013,5000.0,I
356,SWR,57,MA,Q_tlw,2014,3000.0,I
356,SWR,57,MA,Q_tlw,2015,3000.0,I
356,SWR,57,MA,Q_tlw,2016,2000.0,I
356,SWR,57,MA,Q_tlw,2017,4869.0,A
356,SWR,57,MA,Q_tlw,2018,5302.0,A
356,SWR,57,MA,Q_tlw,2019,5300.0,I
356,SWR,57,MA,Q_tlw,2020,5300.0,A
356,SWR,57,MA,Q_tlw,2021,5300.0,I
356,SWR,57,MA,Q_tlw,2022,5300.0,I
356,SWR,57,MA,Q_tlw,2023,5724.0,A
356,SWR,57,MA,Q_tlw,2024,6166.0,A
356,APL,4,IN,Q_tlw,2004,4668.0,A
356,APL,4,IN,Q_tlw,2005,4668.0,A
356,APL,4,IN,Q_tlw,2006,2.0,A
356,APL,4,IN,Q_tlw,2007,2.0,A
356,APL,4,IN,Q_tlw,2008,2.0,A
356,APL,4,IN,Q_tlw,2009,2.0,A
356,APL,4,IN,Q_tlw,2010,2.0,A
356,APL,4,IN,Q_tlw,2011,2.0,A
356,APL,4,IN,Q_tlw,2012,2.0,A
356,APL,4,IN,Q_tlw,2013,2.0,I
356,APL,4,IN,Q_tlw,2014,2.0,I
356,APL,4,IN,Q_tlw,2015,2.0,I
356,APL,4,IN,Q_tlw,2016,2.0,I
