pond_id,region,Date of drop out,Added by,Tenancy type,Pond measurements,Reason,Further details on reason
ara2_c3cfe293,Eluru,07/10/2026,Chaitanya,Leased,28,Changed to farming another species of finfish,Doing Pangasius culture
ara2_7bd7da7f,Eluru,07/10/2026,Chaitanya,Leased,34,Changed to farming another species of finfish,Doing Pangasius culture
ara2_084db03a,Eluru,07/10/2026,Chaitanya,Leased,34,Changed to farming another species of finfish,Doing Pangasius culture
ara2_0e392abc,Eluru,07/10/2026,Chaitanya,Leased,24,Changed to farming crustaceans (e.g. shrimp),Doing Shrimp culture
ara2_d9e114a2,Eluru,07/10/2026,Chaitanya,Owned,15,Changed to farming another species of finfish,Doing high stocking density roopchand farming
ara2_db4df335,Eluru,07/10/2026,Chaitanya,Owned,24,Changed to farming another species of finfish,Doing Pangasius culture
ara2_33f93df9,Eluru,07/10/2026,Chaitanya,Owned,9,Changed to farming crustaceans (e.g. shrimp),Doing Shrimp culture
ara2_7c20400e,Eluru,07/10/2026,Chaitanya,Owned,35,Changed to farming crustaceans (e.g. shrimp),Doing shrimp culture
ara2_cf6f1332,Eluru,07/10/2026,Chaitanya,Owned,67,Changed to farming crustaceans (e.g. shrimp),Doing shrimp culture
ara2_96339578,Eluru,07/10/2026,Chaitanya,Leased,24,Changed to farming crustaceans (e.g. shrimp),Doing Shrimp culture
ara2_efbf4092,Eluru,07/10/2026,Chaitanya,Owned,11,Changed to farming another species of finfish,Farmer is doing Pangasius culture
ara2_540dc41d,Eluru,07/10/2026,Chaitanya,Owned,16,Changed to farming another species of finfish,Farmer is doing Pangasius culture
ara2_c79c24af,Eluru,07/10/2026,Chaitanya,Leased,17,Other (mention below),Pond lease got completed
ara2_a7352243,Eluru,07/10/2026,Chaitanya,Leased,29,Other (mention below),Pond lease got completed
ara2_4b73da19,Eluru,07/10/2026,Chaitanya,Owned,21,Changed to farming another species of finfish,Doing some exotic fish species farming
ara2_25585dd3,Eluru,07/10/2026,Chaitanya,Leased,12,Changed to farming another species of finfish,The farmer is doing Pangasius culture.
ara2_1f1af1d7,Eluru,07/10/2026,Chaitanya,Owned,12,Changed to farming another species of finfish,The farmer is doing Pangasius culture.
ara2_30f18320,Eluru,07/10/2026,Chaitanya,Owned,12,Changed to farming another species of finfish,The farmer is doing Pangasius culture.
ara2_ac5a66af,Eluru,07/10/2026,Chaitanya,Owned,11,Changed to farming another species of finfish,Doing some exotic fish species farming
ara2_0a8841ec,Eluru,07/10/2026,Chaitanya,Owned,11,Changed to farming crustaceans (e.g. shrimp),Doing shrimp culture
ara2_8cd29c44,Eluru,07/10/2026,Chaitanya,Leased,2,Changed to farming crustaceans (e.g. shrimp),Doing shrimp farming
ara2_c2bf107e,Eluru,07/10/2026,Chaitanya,Owned,7,Changed to farming another species of finfish,Doing some exotic fish species farming
ara2_00b47526,Eluru,07/10/2026,Chaitanya,Owned,8,Changed to farming another species of finfish,Doing high stocking density roopchand farming
ara2_38378731,Eluru,07/10/2026,Chaitanya,Owned,8,Changed to farming another species of finfish,Doing high stocking density roopchand farming
ara2_469c3f4d,Eluru,07/10/2026,Chaitanya,Owned,74,Changed to farming another species of finfish,Doing high stocking density roopchand farming
ara2_044398f2,Eluru,07/10/2026,Chaitanya,Owned,62,Changed to farming another species of finfish,Doing high stocking density roopchand farming
ara2_1d54882b,Nellore,07/03/2026,Chaitanya,Leased,36,Other (mention below),Pond lease period got completed.
ara2_7ed0eacc,Nellore,07/03/2026,Chaitanya,Owned,94,Changed to farming crustaceans (e.g. shrimp),Doing shrimp culture
ara2_bd12b267,Nellore,07/03/2026,Chaitanya,Leased,111,Other (mention below),Pond lease period got completed
ara2_b77a0d03,Nellore,07/03/2026,Chaitanya,Owned,76,Other (mention below),Pond lease period got completed
ara2_cf4e9f1b,Nellore,07/03/2026,Chaitanya,Owned,74,Stopped farming fish,Farmer stopped doing aquaculture
ara2_44e030ef,Nellore,07/03/2026,Chaitanya,Owned,80,Stopped farming fish,Farmer stopped doing aquaculture
ara2_039a9ccb,Nellore,07/03/2026,Chaitanya,,24,Stopped farming fish,"Farmer stopped doing aquaculture, converted this pond to agriculture land"
ara2_2e8fd6a2,Eluru,04/25/2026,Chaitanya,Owned,27,Stopped farming fish,Farmer stopped doing aquaculture
ara2_4149d54a,Eluru,11/08/2025,Chaitanya,Leased,23,Other (mention below),Farmer has been unreachable for a very long time.
ara2_7b2b4994,Eluru,10/16/2025,Chaitanya,Owned,8,Changed to farming another species of finfish,Farmer decided to do Pangasius culture
ara2_4441fb4f,Eluru,10/16/2025,Chaitanya,Leased,60,Other (mention below),Farmer sold all the fishes and gave away the lease agreement of this pond to another farmer and moved to another village
ara2_346e897c,Eluru,09/19/2025,Chaitanya,Owned,13,Changed to farming crustaceans (e.g. shrimp),The farmer is doing shrimp culture.
ara2_30440f64,Eluru,09/19/2025,Chaitanya,Leased,4,Changed to farming crustaceans (e.g. shrimp),The farmer is doing shrimp culture.
ara2_99d6094f,Eluru,09/19/2025,Chaitanya,Owned,6,Changed to farming crustaceans (e.g. shrimp),The farmer is doing shrimp culture.
ara2_20b9b3b1,Eluru,09/19/2025,Chaitanya,Owned,6,Changed to farming crustaceans (e.g. shrimp),The farmer is doing shrimp culture.
ara2_6608762c,Eluru,09/19/2025,Chaitanya,Owned,50,Changed to farming crustaceans (e.g. shrimp),The farmer is doing shrimp culture.
ara2_5aca7455,Eluru,09/19/2025,Chaitanya,Leased,13,Changed to farming crustaceans (e.g. shrimp),The farmer is doing shrimp culture.
ara2_a1c0497f,Eluru,09/19/2025,Chaitanya,Leased,20,Changed to farming crustaceans (e.g. shrimp),The farmer is doing shrimp culture.
ara2_4b816656,Eluru,09/19/2025,Chaitanya,Owned,12,Changed to farming crustaceans (e.g. shrimp),The farmer is doing shrimp culture.
ara2_a90d90d1,Eluru,09/19/2025,Chaitanya,Leased,14,Other (mention below),The farmer is not working on this pond as this is under family property issues.&nbsp;
ara2_70e56cfa,Eluru,09/19/2025,Chaitanya,Leased,2,Changed to farming crustaceans (e.g. shrimp),The farmer is doing Shrimp culture.&nbsp;
ara2_94d5ac19,Eluru,09/19/2025,Chaitanya,Owned,2,Changed to farming crustaceans (e.g. shrimp),The farmer is doing Shrimp culture.
ara2_cdd141ba,Eluru,09/19/2025,Chaitanya,Leased,16,Changed to farming crustaceans (e.g. shrimp),The farmer is doing Shrimp culture.
ara2_eb39bc48,Eluru,09/19/2025,Chaitanya,Leased,50,Changed to farming crustaceans (e.g. shrimp),The farmer is doing Shrimp culture.
ara2_aeaba081,Eluru,09/19/2025,Chaitanya,Leased,30,Changed to farming crustaceans (e.g. shrimp),The farmer is doing Shrimp culture.
ara2_7d060b2c,Eluru,09/19/2025,Chaitanya,Owned,2,Changed to farming crustaceans (e.g. shrimp),The farmer is doing Shrimp culture.
ara2_054e57af,Eluru,09/19/2025,Chaitanya,Owned,20,Changed to farming another species of finfish,Farmer is doing Pangasius culture.
ara2_061a901a,Eluru,09/19/2025,Chaitanya,Owned,40,Changed to farming crustaceans (e.g. shrimp),Farmer is doing shrimp culture.
ara2_194348f0,Eluru,09/19/2025,Chaitanya,Owned,14,Changed to farming crustaceans (e.g. shrimp),Farmer is doing shrimp culture.
ara2_00373712,Eluru,09/19/2025,Chaitanya,Owned,2,Changed to farming crustaceans (e.g. shrimp),Farmer is doing shrimp culture.
ara2_2d9db0cb,Eluru,09/19/2025,Chaitanya,Owned,10,Changed to farming crustaceans (e.g. shrimp),Farmer is doing shrimp culture.
ara2_e38b9ac3,Nellore,09/10/2025,Chaitanya,,38,Stopped farming fish,"Farmer stopped aquaculture, fish pond is transformed into paddy field."
ara2_a00174c4,Nellore,09/10/2025,Chaitanya,Owned,80,Stopped farming fish,"Farmer stopped aquaculture, fish pond is transformed into paddy field."
ara2_86d250a3,Eluru,06/17/2025,Praveen,Leased,10,Changed to farming another species of finfish,The farmer has stocked Pangasius and Roopchand along with IMC.
ara2_6c015433,Nellore,04/25/2025,Chaitanya,Leased,80,Other (mention below),Not reducing the stocking density as per ARA commitment. Hence dropped out of the program.
ara2_8ae86d8e,Eluru,04/08/2025,Praveen,Owned,104,Other (mention below),It is a very small pond (0.1 acres) and only one left in the region.&nbsp;
ara2_7f72325e,Eluru,04/08/2025,Praveen,Leased,30,Other (mention below),The farmer is not responding to our calls and not taking care of the pond so we decided to drop it out.
ara2_93b6516f,Eluru,02/25/2025,Praveen,Leased,0,Other (mention below),The lease is over and a new farmer has taken the pond over.
ara2_70271685,Eluru,02/25/2025,Praveen,Leased,18,Other (mention below),The lease is over and a new farmer has taken the pond over.
ara2_d19ebe54,Eluru,02/25/2025,Praveen,Leased,2,Changed to farming crustaceans (e.g. shrimp),The farmer has moved to Shrimp culture in this pond.
ara2_f0a859d3,Eluru,12/01/2024,Praveen,,6,Other (mention below),Farmers around this pond are not happy with outside people visiting the ponds. So the farmer has asked us to stop taking data from his ponds.
ara2_217d2764,Eluru,12/01/2024,Praveen,,6,Other (mention below),Farmers around this pond are not happy with outside people visiting the ponds. So the farmer has asked us to stop taking data from his ponds.
ara2_f8742535,Eluru,11/15/2024,Praveen,Leased,14,Other (mention below),The lease for the pond is over and the farmer has left the pond.
ara2_ac267ebf,Eluru,11/15/2024,Praveen,Owned,31,Other (mention below),The lease for the pond is over and the farmer has left the pond.&nbsp;
ara2_77fa9764,Eluru,11/15/2024,Praveen,Leased,34,Changed to farming another species of finfish,The lease for the pond is over. A new farmer has taken the lease and is doing Pangasius culture.
ara2_01463d19,Eluru,11/14/2024,Praveen,Leased,97,Changed to farming another species of finfish,The lease is over and the farmer has left the pond. The new farmer who took the pond for lease is doing Pangasius culture.
ara2_60dd3e14,Eluru,11/14/2024,Praveen,Owned,76,Changed to farming another species of finfish,The farmer has moved to Pangasius culture and is been reported that the pond is not maintained properly.
ara2_20dd0295,Eluru,11/14/2024,Praveen,Owned,76,Changed to farming another species of finfish,The farmer has moved to Pangasius culture and is been reported that the pond is not maintained properly.
ara2_9eefff29,Eluru,11/14/2024,Praveen,,68,Other (mention below),The farmer has expired. The auction did not happen for a long time because of political issues.
ara2_1144b702,Eluru,11/14/2024,Praveen,,8,Stopped farming fish,The farmer has stopped aquaculture.
ara2_575536ca,Eluru,11/14/2024,Praveen,Leased,3,Other (mention below),The lease is over and the farmer has left the pond. The farmer also mentioned disputes over sharing water with the neighbors as the reasons to leave the pond.
ara2_18808778,Eluru,11/10/2024,Praveen,Leased,3,Other (mention below),The lease for the pond is over and the farmer has left the pond.
ara2_6a60fbba,Eluru,11/10/2024,Praveen,Leased,1,Other (mention below),The lease for the pond is over and the farmer has left the pond.
ara2_2a7578bb,Eluru,11/10/2024,Praveen,Leased,18,Other (mention below),The lease for the pond is over and the farmer has left the pond.
ara2_a2d65cb4,Eluru,11/10/2024,Praveen,Owned,49,Other (mention below),We could not connect with the farmer for a long time and he has not been answering our calls.
ara2_2d4cda6c,Eluru,11/08/2024,Praveen,,56,Other (mention below),This is a community pond and the auction did not take place yet. The farmer is not willing to take it for lease because of higher lease cost.
ara2_b8f28481,Eluru,11/08/2024,Praveen,,62,Changed to farming another species of finfish,The farmer has moved to Pangasius culture and will continue with that.
ara2_f33085c0,Eluru,11/08/2024,Praveen,,42,Changed to farming another species of finfish,The farmer has shifted to Pangasius culture and he will continue with that species.
ara2_d53b776c,Eluru,11/08/2024,Praveen,,69,Stopped farming fish,The farmer has left the pond because the auction did not happen for a long time because of political reasons. The farmer stopped farming fish.
ara2_9d4fb0a0,Nellore,10/29/2024,Chaitanya,Owned,40,Stopped farming fish,Farmer stopped doing aquaculture
ara2_c4feda19,Eluru,09/10/2024,Praveen,Leased,105,Stopped farming fish,The farmer stopped aquaculture because there was no growth in the fish.
ara2_e6feb688,Eluru,09/10/2024,Praveen,Owned,95,Stopped farming fish,The farmer stopped aquaculture because there was no growth in the fish.&nbsp;
ara2_c5671cf4,Nellore,07/17/2024,Chaitanya,Owned,76,Other (mention below),"This has been one of our control ponds for very long. He stocks above our recommendation, so was kept under control. He is not decreasing the SD, so decided to let go off him."
ara2_07d25a85,Nellore,05/10/2024,Chaitanya,Owned,69,Other (mention below),"This had been a control pond, farmer is stocking higher than the SD capping. So, we decided not to continue in ARA."
ara2_17b9d7b4,Nellore,05/10/2024,Chaitanya,Owned,86,Other (mention below),"This had been a control pond, farmer is stocking higher than the SD capping. So, we decided not to continue in ARA."
ara2_87661414,Eluru,11/30/2023,Chaitanya,Leased,14,Other (mention below),Lease period got ended and the farmer didn't renew his lease agreement. Another person got this pond on lease but he is doing pangasius culture so haven't added him to the ARA.
ara2_38a721f5,Eluru,08/20/2023,Nagaraju P.,Leased,61,Other (mention below),Farmer left the Aquaculture due to Health Issues
ara2_93628934,Eluru,08/20/2023,Nagaraju P.,Leased,43,Other (mention below),Farmer left the Aquaculture due to Health Issues
ara2_8a6b6eb2,Eluru,08/20/2023,Nagaraju P.,Leased,42,Other (mention below),Farmer left the Aquaculture due to Health Issues
ara2_0c2e7530,Nellore,06/08/2023,Chaitanya,Owned,44,Other (mention below),Farmer is not doing aquaculture as he has some disputes with his brother regarding the inheritance of the land in which the pond is situated.
ara2_308ec37e,Nellore,06/08/2023,Chaitanya,Leased,39,Other (mention below),Farmer decided not to continue aquaculture as his lease period got ended.
ara2_f1a474ab,Nellore,06/08/2023,Chaitanya,Owned,72,Other (mention below),"We decided to let go off this farmer as he is not reachable and not doing proper aquaculture, does it more like a side hustle with very less to no intervention."
ara2_18175a05,Nellore,06/08/2023,Chaitanya,Leased,14,Other (mention below),Farmer decided not to continue aquaculture as his lease period got ended.
ara2_7fa93b14,Nellore,06/08/2023,Chaitanya,Owned,14,Other (mention below),Farmer shifted to do only shrimp culture
ara2_7f636db2,Eluru,06/02/2023,Chaitanya,Owned,0,Other (mention below),"Farmer decided to do exclusive shrimp culture, so we are dropping him out of ARA. He has another fish pond (ara2_d891f276) which continues to be enrolled in ARA."
ara2_c725f135,Eluru,06/02/2023,Chaitanya,Leased,2,Other (mention below),"The farmer decided not to continue his lease for this pond, so we are dropping him out of ARA. He has his another leased pond (ara2_9ea43968) enrolled in ARA."
ara2_80a7ea66,Eluru,06/01/2023,Chaitanya,Owned,0,Other (mention below),"We tried multiple times, the farmer is out of reach as he moved out of the country and enrolled the pond with Deepak NexGen feeds. so we are dropping him out of ARA."
ara2_9305b036,Eluru,04/20/2023,Chaitanya,Leased,7,Other (mention below),Farmers lease contract got ended and the new farmer who took this pond on lease is growing pangasius.
ara2_b1d545d0,Eluru,04/18/2023,Nikhil,Owned,0,Other (mention below),Culture change to shrimp.
ara2_1c72ee85,Eluru,04/18/2023,Nikhil,Leased,5,Other (mention below),Culture change to shrimp
ara2_4b2065d2,Eluru,04/18/2023,Chaitanya,Leased,4,Other (mention below),Farmer stopped aquaculture.
ara2_a17f49ab,Eluru,04/18/2023,Chaitanya,Leased,4,Other (mention below),Farmer stopped aquaculture.
ara2_c5abf9be,Eluru,04/18/2023,Nikhil,Owned,23,Other (mention below),Farmer stopped the aquaculture because of high investments.
ara2_d20a02d0,Eluru,04/18/2023,Nikhil,Owned,0,Other (mention below),Farmer stopped the aquaculture because of high investments.
ara2_423f3699,Eluru,04/18/2023,Nikhil,Owned,5,Other (mention below),Culture change to shrimp.
ara2_b469062a,Eluru,03/01/2023,Nagaraju P.,,0,Other (mention below),The farmer changed culture to shrimp.
ara2_658ff40d,Nellore,01/23/2023,Nagaraju B.,,18,Other (mention below),Farmer Stopped Aquaculture.
ara2_a2f19fe6,Eluru,10/17/2022,Maneesh,,45,Other (mention below),The farmer is finding it difficult to continue aquaculture with raising feed prices.Lately government also added electric meters to his pond so he is having a power bill of close to 10k a month which he could not bare .
ara2_734d27c8,Eluru,10/07/2022,Maneesh,,6,Other (mention below),This pond is located near a place that gets clogged when rains and the only way to reach this pond is through boat so data collection has been a problem in this pond.
ara2_64aa484e,Eluru,09/23/2022,Maneesh,,34,Other (mention below),Due to rising feed prices and lease rates farmers are opting out of grow out culture and changing to breed out so this farmer also wanted to change culture to breed out so he leased out a new small pond where he is planning to do breed out culture .
ara2_f24623af,Eluru,09/13/2022,Maneesh,,30,Other (mention below),Due to rising feed prices and lease rates farmers are opting out of grow out culture and changing to breed out so this farmer also wanted to change culture to breed out so he leased out a new small pond where he is planning to do breed out culture .
ara2_df661923,Eluru,08/29/2022,Maneesh,,28,Other (mention below),The farmer changed his culture to breed out and he is currently farming Pegasus in his pond and also doesn't wish to work with us as he is leaving  aquaculture as a whole to take care of his other businesses and also it has been incurring him loss since last three years.
ara2_bd32b7fb,Eluru,08/18/2022,Maneesh,,33,Other (mention below),the farmer was having mass mortalities in his pond and so we convinced him not to do aquaculture in that pond anymore.
ara2_0867d29c,Eluru,06/22/2022,Maneesh,,17,Other (mention below),The farmer had a culture change from Grow out to breed out
ara2_f95d18f1,Eluru,06/22/2022,Maneesh,,19,Other (mention below),The farmer had a culture change from grow out to breedout.
ara2_407f70f7,Nellore,03/01/2022,Chaitanya,,32,Other (mention below),The farmer doesn`t want to be associated with FWI and be a part of ARA because of the differences raised being a partner organization.
ara2_8ae937af,Eluru,01/04/2022,Maneesh,,18,Other (mention below),The farmer is carving out a new pond and also leased out another pond adjacent to the new pond .So in order to cut down costs he left away this pond.
ara2_244da38b,Eluru,01/04/2022,Maneesh,,18,Other (mention below),The farmer is carving out a new pond and also leased out another pond adjacent to the new pond .So in order to cut down costs he left away this pond.
ara2_60cb8cf2,Nellore,12/01/2021,Chaitanya,,6,Other (mention below),The farmer started exclusive shrimp culture so both of us mutually decided to move out of ARA.
ara2_82546b56,Eluru,11/25/2021,Maneesh,,6,Other (mention below),
ara2_06155f82,Eluru,11/13/2021,Maneesh,,6,Other (mention below),
ara2_65d75ab9,Eluru,10/07/2021,Maneesh,,4,Other (mention below),The farmer is looking to transition this pond into a shrimp pond.He is changing his culture.
