Country (Name),ASFIS species (Name),FAO major fishing area (Name),Detailed production source (Name),Unit (Name),Unit,[1950],S,[1951],S,[1952],S,[1953],S,[1954],S,[1955],S,[1956],S,[1957],S,[1958],S,[1959],S,[1960],S,[1961],S,[1962],S,[1963],S,[1964],S,[1965],S,[1966],S,[1967],S,[1968],S,[1969],S,[1970],S,[1971],S,[1972],S,[1973],S,[1974],S,[1975],S,[1976],S,[1977],S,[1978],S,[1979],S,[1980],S,[1981],S,[1982],S,[1983],S,[1984],S,[1985],S,[1986],S,[1987],S,[1988],S,[1989],S,[1990],S,[1991],S,[1992],S,[1993],S,[1994],S,[1995],S,[1996],S,[1997],S,[1998],S,[1999],S,[2000],S,[2001],S,[2002],S,[2003],S,[2004],S,[2005],S,[2006],S,[2007],S,[2008],S,[2009],S,[2010],S,[2011],S,[2012],S,[2013],S,[2014],S,[2015],S,[2016],S,[2017],S,[2018],S,[2019],S,[2020],S,[2021],S,[2022],S,[2023],S,[2024],S
India,African sharptooth catfish,Asia - Inland waters,Aquaculture production (freshwater),Tonnes - live weight,"TLW, Number",0,...,0,...,0,...,0,...,0,...,0,...,0,...,0,...,0,...,0,...,0,...,0,...,0,...,0,...,0,...,0,...,0,...,0,...,0,...,0,...,0,...,0,...,0,...,0,...,0,...,0,...,0,...,0,...,0,...,0,...,0,...,0,...,0,...,0,...,0,...,0,...,0,...,0,...,0,...,0,...,0,...,0,...,0,...,0,...,0,...,0,...,0,...,0,...,0,...,0,...,0,...,0,...,0,...,0,...,0,...,0,...,0,...,0,...,28000,I,33000,I,38000,I,42000,I,45000,I,49605.5,I,49700,I,53200,I,63000,I,67200,I,79800,I,90650,I,100419.9,,107520,I,118090,I,127537.2,I,132126,
India,Aquatic plants NEI,Asia - Inland waters,Aquaculture production (freshwater),Tonnes - live weight,"TLW, Number",0,...,0,...,0,...,0,...,0,...,0,...,0,...,0,...,0,...,0,...,0,...,0,...,0,...,0,...,0,...,0,...,0,...,0,...,0,...,0,...,0,...,0,...,0,...,0,...,0,...,0,...,0,...,0,...,0,...,0,...,0,...,0,...,0,...,0,...,0,...,0,...,0,...,0,...,0,...,0,...,0,...,0,...,0,...,0,...,0,...,0,...,0,...,0,...,0,...,0,...,0,...,0,...,0,...,0,...,4668,,4668,,2,,2,,2,,2,,2,,2,,2,,2,I,2,I,2,I,2,I,0,...,0,...,0,...,0,...,0,...,0,...,0,...,0,...
India,Barramundi(=Giant seaperch),"Indian Ocean, Eastern",Aquaculture production (brackishwater),Tonnes - live weight,"TLW, Number",0,...,0,...,0,...,0,...,0,...,0,...,0,...,0,...,0,...,0,...,0,...,0,...,0,...,0,...,0,...,0,...,0,...,0,...,0,...,0,...,0,...,0,...,0,...,0,...,0,...,0,...,0,...,0,...,0,...,0,...,0,...,0,...,0,...,0,...,0,...,0,...,0,...,0,...,0,...,0,...,0,...,0,...,0,...,0,...,0,...,0,...,0,...,0,...,0,...,0,...,0,...,0,...,0,...,0,...,0,...,0,...,0,...,0,...,0,...,0,...,0,...,0,...,900,I,1500,I,2000,I,3000,I,3600,I,3900,I,4250,I,4400,I,5311,,5700,I,6300,I,6804,,7147,
India,Catla,Asia - Inland waters,Aquaculture production (freshwater),Tonnes - live weight,"TLW, Number",3869,I,4291,I,4760,I,5279,I,5856,I,6495,I,7204,I,7990,I,8862,I,9830,I,10903,I,12093,I,13413,I,14877,I,16501,I,18302,I,20300,I,22516,I,24973,I,27700,I,30723,I,34077,I,37796,I,41922,I,46498,I,51574,I,57203,I,63448,I,70373,I,78055,I,86575,I,96026,I,106507,I,118133,I,129000,I,142000,I,155000,I,181000,I,207000,I,233000,I,234000,,289925,,299803,,340100,,351747,,394720,,475000,,510000,,450400,,496300,,497200,,373299,,424381,,421203,,1010838,,1135746,,1188293,,1920516,,1760308,I,1791397,I,2254784,I,1697977,I,1958338,I,1989309,I,1999400,I,2049300,I,2249200,I,2429150,I,2880000,I,3055000,I,3286134,,3520200,I,3866700,I,4176036,,4542943,
India,Clarias catfishes NEI,Asia - Inland waters,Aquaculture production (freshwater),Tonnes - live weight,"TLW, Number",0,...,0,...,0,...,0,...,0,...,0,...,0,...,0,...,0,...,0,...,0,...,0,...,0,...,0,...,0,...,0,...,0,...,0,...,41,I,423,I,1107,I,3137,I,5900,I,8795,I,9937,I,11174,I,12508,I,13945,I,15488,I,17140,I,18905,I,20788,I,22791,I,24919,I,30000,I,35000,I,36000,I,36500,I,36500,I,38000,I,39260,,34912,,50323,,50000,I,50000,I,52848,,85127,,91163,,34292,,42878,,2140,,2617,,40939,,42016,,44247,,45740,,56453,,38212,,12000,I,14500,I,16500,I,17800,I,18900,I,21259.5,I,21300,I,22800,I,27000,I,28800,I,34200,I,38850,I,43037.1,,46080,I,50610,I,54658.8,I,59619,
India,Climbing perch,Asia - Inland waters,Aquaculture production (freshwater),Tonnes - live weight,"TLW, Number",6081,I,6380,I,6693,I,7022,I,7368,I,7730,I,8110,I,8509,I,8927,I,9366,I,9827,I,10310,I,10817,I,11349,I,11907,I,12492,I,13107,I,13751,I,14427,I,15137,I,15881,I,16662,I,17481,I,18341,I,19242,I,20189,I,21181,I,22223,I,23315,I,24462,I,25665,I,26927,I,28251,I,29640,I,32000,I,35000,I,36000,I,36500,I,36500,I,38000,I,39260,,34912,,50323,,50000,I,50000,I,55000,I,55000,I,60000,I,65000,I,65000,I,0,...,0,...,0,...,0,...,0,...,0,...,0,...,0,...,0,...,0,...,0,...,0,...,0,...,0,...,0,...,0,...,0,...,0,...,0,...,0,...,0,...,0,...,0,...,0,...,0,...
India,Common carp,Asia - Inland waters,Aquaculture production (freshwater),Tonnes - live weight,"TLW, Number",0,...,0,...,0,...,0,...,0,...,0,...,0,...,0,...,0,...,0,...,0,...,0,...,0,...,0,...,0,...,0,...,0,...,0,...,0,...,0,...,0,...,0,...,0,...,0,...,0,...,0,...,0,...,0,...,0,...,0,...,0,...,0,...,0,...,0,...,0,...,0,...,0,...,0,...,0,...,0,...,0,...,0,...,0,...,8074,,4894,,13348,,13720,,15851,,70300,,78400,,74500,,342188,,359325,,442874,,0,...,0,...,0,...,0,...,0,...,0,...,186454,,17600,I,17600,I,17440,I,17500,I,18800,I,20000,I,21000,I,21700,I,24600,I,26070,,27900,I,30600,I,33048,,36643,
India,Freshwater fishes NEI,Asia - Inland waters,Aquaculture production (freshwater),Tonnes - live weight,"TLW, Number",3503,I,3913,I,4371,I,4882,I,5454,I,6092,I,6806,I,7602,I,8492,I,9486,I,10597,I,11837,I,13223,I,14771,I,16500,I,18431,I,20589,I,22999,I,25691,I,28699,I,32058,I,35811,I,40003,I,44686,I,49917,I,55760,I,62287,I,69578,I,77723,I,86821,I,96985,I,108338,I,121020,I,135186,I,152000,I,167000,I,182000,I,213000,I,243000,I,274000,I,274810,,348436,,352140,,216037,,268537,,269118,,88019,,82804,,99646,,147556,,40852,,98857,,101683,,107200,,108959,,39500,I,139779,,180085,,264659,I,190628,I,134688,,101485,,216511,,269478,I,484231,I,721683,I,769569,I,862483,I,1048100,I,1140112,I,1215082,,1401206,I,1540875,I,1603429,I,1761928,
India,Giant river prawn,Asia - Inland waters,Aquaculture production (freshwater),Tonnes - live weight,"TLW, Number",0,...,0,...,0,...,0,...,0,...,0,...,0,...,0,...,0,...,0,...,0,...,0,...,0,...,0,...,0,...,0,...,0,...,0,...,0,...,0,...,0,...,0,...,0,...,0,...,0,...,0,...,0,...,0,...,0,...,0,...,0,...,0,...,0,...,0,...,0,...,0,...,0,...,0,...,0,...,150,,198,,196,,455,,178,,311,,300,I,178,,1500,,3900,,7000,,16600,,24230,,30500,,35870,,38720,,42820,,30115,,27262,,12800,,6600,,0,...,0,...,0,...,6900,,8680,,8729,,10162,,9056,,10000,I,8702,,9128,,18086,,25479,,25344,,26368,
India,Giant tiger prawn,Asia - Inland waters,Aquaculture production (freshwater),Tonnes - live weight,"TLW, Number",0,...,0,...,0,...,0,...,0,...,0,...,0,...,0,...,0,...,0,...,0,...,0,...,0,...,0,...,0,...,0,...,0,...,0,...,0,...,0,...,0,...,0,...,0,...,0,...,0,...,0,...,0,...,0,...,0,...,0,...,0,...,0,...,0,...,0,...,0,...,0,...,0,...,0,...,0,...,0,...,0,...,0,...,0,...,0,...,0,...,0,...,0,...,0,...,0,...,0,...,0,...,0,...,0,...,0,...,15431,,12365,,12812,,8300,,6200,I,6800,,0,...,5000,I,5000,,200,,0,...,0,...,0,...,0,...,0,...,0,...,0,...,0,...,0,...,0,...,0,...
India,Giant tiger prawn,"Indian Ocean, Eastern",Aquaculture production (brackishwater),Tonnes - live weight,"TLW, Number",0,...,0,...,0,...,0,...,0,...,0,...,0,...,0,...,0,...,0,...,0,...,0,...,0,...,0,...,0,...,0,...,0,...,0,...,0,...,0,...,20,I,50,I,110,I,250,I,424,I,696,I,1382,I,1906,I,2523,I,3124,I,3868,I,4790,I,5933,I,7346,I,10000,I,13000,I,14000,I,15000,I,20000,I,28000,I,29900,,34300,,41100,,54500,,74300,,64000,,64400,,60925,,76900,,73700,,90975,,97100,,108990,,108680,,112371,,129705,,130155,,92865,,69800,I,90080,,0,...,125000,I,126900,,78300,,70389,,82043,,57330,,58450,,59000,I,34615,,31032,,37945,,59356,,85907,,93516,
India,Grass carp(=White amur),Asia - Inland waters,Aquaculture production (freshwater),Tonnes - live weight,"TLW, Number",0,...,0,...,0,...,0,...,0,...,0,...,0,...,0,...,0,...,0,...,0,...,0,...,0,...,0,...,0,...,0,...,0,...,0,...,0,...,0,...,0,...,0,...,0,...,0,...,0,...,0,...,0,...,0,...,0,...,0,...,0,...,0,...,0,...,0,...,0,...,0,...,0,...,0,...,0,...,0,...,0,...,0,...,0,...,13208,,10585,,14435,,15305,,31039,,123100,,137200,,130400,,49767,,70011,,120086,,0,...,0,...,0,...,0,...,0,...,0,...,25118,,103330,,123240,,17400,I,18000,I,19000,I,20000,I,21000,I,24000,I,27000,I,29072,,31100,I,34200,I,36936,,41132,
India,Green mussel,"Indian Ocean, Western",Aquaculture production (marine),Tonnes - live weight,"TLW, Number",0,...,0,...,0,...,0,...,0,...,0,...,0,...,0,...,0,...,0,...,0,...,0,...,0,...,0,...,0,...,0,...,0,...,0,...,0,...,0,...,0,...,0,...,0,...,0,...,0,...,0,...,0,...,0,...,0,...,0,...,0,...,0,...,0,...,0,...,0,,0,,0,,0,,0,,0,,0,,0,,0,,0,,0,,0,,0,,27,,200,,609,,800,,1000,,1250,,2000,,3250,,4500,,10060,,7894,,16789,,18432,,14817,,9956,,8703,,9450,I,9500,I,8700,I,500,I,1000,I,2000,I,2010,I,4000,,5000,I,5000,I,6000,,6241,
India,Indian white prawn,"Indian Ocean, Eastern",Aquaculture production (brackishwater),Tonnes - live weight,"TLW, Number",0,...,0,...,0,...,0,...,0,...,0,...,0,...,0,...,0,...,0,...,0,...,0,...,0,...,0,...,0,...,0,...,0,...,0,...,0,...,0,...,0,...,0,...,0,...,0,...,0,...,0,...,0,...,0,...,0,...,0,...,0,...,0,...,0,...,0,...,0,...,0,...,0,...,0,...,0,...,0,...,5100,,5700,,5700,,7500,,8600,,6000,,6000,,5943,,5734,,4870,,5740,,5830,,5980,,4560,,5218,,1100,,1380,,6500,,10600,I,5200,,0,...,1200,I,1300,,700,,1419,,2368,,2637,,1311,,1300,I,1024,,1209,,1200,I,1300,I,1400,I,1545,
India,Kelee shad,Asia - Inland waters,Aquaculture production (freshwater),Tonnes - live weight,"TLW, Number",0,...,0,...,0,...,0,...,0,...,0,...,0,...,0,...,0,...,0,...,0,...,0,...,0,...,0,...,0,...,0,...,0,...,0,...,0,...,0,...,0,,0,,0,,0,,0,,0,,0,,0,,0,,0,,0,,0,,0,,0,,0,,0,,0,,0,,0,,0,,0,,0,,0,,0,,0,,0,,0,,0,,0,,0,,47,,1,,35,,206,,56,,132,,181,,67,,60,I,60,I,60,I,60,I,63,,184,,180,I,180,I,200,I,200,I,200,I,200,I,203,,200,I,200,I,216,,238,
India,Manipur osteobrama,Asia - Inland waters,Aquaculture production (freshwater),Tonnes - live weight,"TLW, Number",0,...,0,...,0,...,0,...,0,...,0,...,0,...,0,...,0,...,0,...,0,...,0,...,0,...,0,...,0,...,0,...,0,...,0,...,0,...,0,...,0,,0,,0,,0,,0,,0,,0,,0,,0,,0,,0,,0,,0,,0,,0,,0,,0,,0,,0,,0,,0,,0,,0,,0,,0,,0,,0,,0,,0,,0,,0,,0,,0,,0,,0,,0,,8,,864,,1189,,901,,1000,I,1200,I,1500,I,1750,I,1900,I,2100,I,2150,I,2250,I,2250,I,2300,I,2300,,2400,I,2450,I,2500,I,2637,
India,Marine fishes NEI,"Indian Ocean, Eastern",Aquaculture production (brackishwater),Tonnes - live weight,"TLW, Number",0,...,0,...,0,...,0,...,0,...,0,...,0,...,0,...,0,...,0,...,0,...,0,...,0,...,0,...,0,...,0,...,0,...,0,...,0,...,0,...,0,...,0,...,0,...,0,...,0,...,0,...,0,...,0,...,0,...,0,...,0,...,0,...,0,...,0,...,0,,0,...,0,,0,,0,,0,,0,,0,,0,,0,,0,,0,,0,,1429,,1740,,0,...,0,...,0,...,0,...,2644,,8000,,17000,I,75000,,42102,,183570,I,127779,I,18693,,52808,,80264,I,85400,I,83000,I,81000,I,79900,I,85100,I,98250,I,113000,I,118724,,127200,I,139700,I,150876,,154630,
India,Monsoon river prawn,Asia - Inland waters,Aquaculture production (freshwater),Tonnes - live weight,"TLW, Number",0,...,0,...,0,...,0,...,0,...,0,...,0,...,0,...,0,...,0,...,0,...,0,...,0,...,0,...,0,...,0,...,0,...,0,...,0,...,0,...,0,...,0,...,0,...,0,...,0,...,0,...,0,...,0,...,0,...,0,...,0,...,0,...,0,...,0,...,0,...,0,...,0,...,0,...,0,...,0,...,0,...,0,...,0,...,0,...,0,...,0,...,0,...,0,...,0,...,0,...,0,...,0,...,0,...,227,,245,,3938,,4039,,4100,,0,...,0,...,0,...,0,...,0,...,0,...,0,...,0,...,0,...,0,...,0,...,0,...,0,...,0,...,0,...,0,...,0,...
India,Mrigal carp,Asia - Inland waters,Aquaculture production (freshwater),Tonnes - live weight,"TLW, Number",678,I,780,I,898,I,1034,I,1191,I,1371,I,1578,I,1816,I,2091,I,2407,I,2771,I,3190,I,3672,I,4228,I,4867,I,5603,I,6450,I,7425,I,8548,I,9840,I,11328,I,13041,I,15012,I,17282,I,19895,I,22903,I,26366,I,30352,I,34941,I,40224,I,46306,I,53307,I,61367,I,70645,I,88000,I,97000,I,106000,I,123000,I,141000,I,158000,I,158598,,187560,,293182,,332600,,343980,,387470,,460000,,480000,,426200,,469700,,470500,,353211,,401545,,398537,,221064,,217127,,109033,,145287,,281525,,304767,,87686,,131793,,165782,,159028,,170000,I,182000,I,190000,I,203000,I,234000,I,265700,I,289619,,310200,I,340700,I,374956,,391807,
India,Nile tilapia,Asia - Inland waters,Aquaculture production (freshwater),Tonnes - live weight,"TLW, Number",0,...,0,...,0,...,0,...,0,...,0,...,0,...,0,...,0,...,0,...,0,...,0,...,0,...,0,...,0,...,0,...,0,...,0,...,0,...,0,...,0,...,0,...,0,...,0,...,0,...,0,...,0,...,0,...,0,...,0,...,0,...,0,...,0,...,0,...,0,...,0,...,0,...,0,...,0,...,0,...,0,...,0,...,0,...,0,...,0,...,0,...,0,...,0,...,0,...,0,...,0,...,0,...,0,...,0,...,0,...,0,...,0,...,0,...,5000,I,6000,I,7000,I,7800,I,8500,I,9000,I,10000,I,11000,I,12000,I,13000,I,14000,I,15000,I,16500,I,18000,I,19000,I,20000,I,20947,
India,Orange mud crab,"Indian Ocean, Eastern",Aquaculture production (brackishwater),Tonnes - live weight,"TLW, Number",0,...,0,...,0,...,0,...,0,...,0,...,0,...,0,...,0,...,0,...,0,...,0,...,0,...,0,...,0,...,0,...,0,...,0,...,0,...,0,...,0,...,0,...,0,...,0,...,0,...,0,...,0,...,0,...,0,...,0,...,0,...,0,...,0,...,0,...,0,...,0,...,0,...,0,...,0,...,0,...,0,...,0,...,0,...,0,...,0,...,0,...,0,...,0,...,0,...,0,...,0,...,0,...,0,...,0,...,0,...,0,...,0,...,0,...,0,...,0,...,0,...,0,...,3000,I,4000,I,5000,I,6000,I,6500,I,7000,I,7500,I,7600,I,7900,,8400,I,9200,I,9200,I,9774,
India,Orangefin labeo,Asia - Inland waters,Aquaculture production (freshwater),Tonnes - live weight,"TLW, Number",0,...,0,...,0,...,0,...,0,...,0,...,0,...,0,...,0,...,0,...,0,...,0,...,0,...,0,...,0,...,0,...,0,...,0,...,0,...,0,...,0,...,0,...,0,...,0,...,0,...,0,...,0,...,0,...,0,...,0,...,0,...,0,...,0,...,0,...,0,...,0,...,0,...,0,...,0,...,0,...,0,...,0,...,0,...,0,...,0,...,0,...,0,...,0,...,0,...,0,...,0,...,0,...,0,...,0,...,0,...,0,...,0,...,0,...,9821,I,10707,I,4200,,7901,,5497,,5973,,8100,I,9000,I,10000,I,10700,I,12000,I,13600,I,15647,,16700,I,18300,I,19764,,21769,
India,Pearlspot,Asia - Inland waters,Aquaculture production (freshwater),Tonnes - live weight,"TLW, Number",0,...,0,...,0,...,0,...,0,...,0,...,0,...,0,...,0,...,0,...,0,...,0,...,0,...,0,...,0,...,0,...,0,...,0,...,0,...,0,...,0,...,0,...,0,...,0,...,0,...,0,...,0,...,0,...,0,...,0,...,0,...,0,...,0,...,0,...,0,...,0,...,0,...,0,...,0,...,0,...,0,...,0,...,0,...,0,...,0,...,0,...,0,...,0,...,0,...,0,...,0,...,0,...,0,...,0,...,0,...,0,...,0,...,0,...,80,I,80,I,100,I,100,I,100,I,100,I,150,I,150,I,150,I,150,I,200,I,200,I,200,I,300,I,300,I,300,I,330,
India,Penaeus shrimps NEI,"Indian Ocean, Western",Aquaculture production (brackishwater),Tonnes - live weight,"TLW, Number",0,...,0,...,0,...,0,...,0,...,0,...,0,...,0,...,0,...,0,...,0,...,0,...,0,...,0,...,0,...,0,...,0,...,0,...,0,...,0,...,0,...,0,...,0,...,0,...,0,...,0,...,0,...,0,...,0,...,0,...,0,...,0,...,0,...,0,...,0,...,0,...,0,...,0,...,0,...,0,...,0,...,0,...,0,...,0,...,0,...,0,...,0,...,0,...,0,...,0,...,0,...,0,...,0,...,0,...,0,...,0,...,0,...,0,...,0,...,0,...,100714,,0,...,0,...,0,...,0,...,0,...,0,...,0,...,0,...,0,...,0,...,0,...,0,...,0,...,0,...
India,Rainbow trout,Asia - Inland waters,Aquaculture production (freshwater),Tonnes - live weight,"TLW, Number",0,...,0,...,0,...,0,...,0,...,0,...,0,...,0,...,0,...,0,...,0,...,0,...,0,...,0,...,0,...,0,...,0,...,0,...,0,...,0,...,0,...,0,...,0,...,0,...,0,...,0,...,0,...,0,...,0,...,0,...,0,...,0,...,0,...,0,...,0,...,250,I,260,I,310,I,330,I,350,I,451,,1224,,602,,500,I,500,I,500,I,500,I,500,I,500,I,500,I,500,I,500,I,500,I,500,I,500,I,500,I,500,I,500,I,500,I,500,I,500,I,550,I,550,I,550,I,600,I,700,I,800,I,850,I,850,I,870,I,976,,1000,I,1100,I,1188,,1316,
India,Red algae,"Indian Ocean, Eastern",Aquaculture production (marine),Tonnes - live weight,"TLW, Number",0,...,0,...,0,...,0,...,0,...,0,...,0,...,0,...,0,...,0,...,0,...,0,...,0,...,0,...,0,...,0,...,0,...,0,...,0,...,0,...,0,...,0,...,0,...,0,...,0,...,0,...,0,...,0,...,0,...,0,...,0,...,0,...,0,...,0,...,0,...,0,...,0,...,0,...,0,...,0,...,0,...,0,...,0,...,0,...,0,...,0,...,0,...,0,...,0,...,0,...,0,...,168,I,656,I,1176,I,1008,I,1080,I,1952,I,2520,I,4704,I,6920,I,4240,I,7500,I,9500,I,5000,I,3000,I,3000,I,2000,I,4869,,5302,,5300,I,5300,,5300,I,5300,I,5724,,6166,
India,River prawns NEI,Asia - Inland waters,Aquaculture production (freshwater),Tonnes - live weight,"TLW, Number",0,...,0,...,0,...,0,...,0,...,0,...,0,...,0,...,0,...,0,...,0,...,0,...,0,...,0,...,0,...,0,...,0,...,0,...,0,...,0,...,0,...,0,...,0,...,0,...,0,...,0,...,0,...,0,...,0,...,0,...,0,...,0,...,0,...,0,...,0,...,0,...,0,...,0,...,0,...,0,...,0,...,0,...,0,...,0,...,0,...,0,...,0,...,0,...,0,...,0,...,0,...,0,...,0,...,0,...,0,...,0,...,0,...,0,...,0,...,0,...,33414,,21833,,30426,,0,...,0,...,0,...,0,...,0,...,0,...,0,...,0,...,0,...,0,...,0,...,0,...
India,Roho labeo,Asia - Inland waters,Aquaculture production (freshwater),Tonnes - live weight,"TLW, Number",3779,I,4195,I,4658,I,5171,I,5740,I,6372,I,7074,I,7854,I,8719,I,9679,I,10745,I,11929,I,13243,I,14702,I,16321,I,18119,I,20115,I,22331,I,24791,I,27522,I,30554,I,33919,I,37656,I,41804,I,46408,I,51521,I,57196,I,63496,I,70491,I,78256,I,86876,I,96446,I,107070,I,118864,I,131000,I,144000,I,157000,I,183000,I,209000,I,235000,I,235559,,288096,,301816,,342500,,354270,,399080,,491726,,519321,,467974,,515559,,516542,,378778,,440842,,437540,,923156,,931556,,1048357,,386076,,504745,,495707,,279004,,645300,,627662,,743284,,790000,I,846000,I,900000,I,960000,I,1116000,I,1256000,I,1371590,,1469300,I,1613900,I,1943012,,2018712,
India,Rooster venus,"Indian Ocean, Western",Aquaculture production (marine),Tonnes - live weight,"TLW, Number",0,...,0,...,0,...,0,...,0,...,0,...,0,...,0,...,0,...,0,...,0,...,0,...,0,...,0,...,0,...,0,...,0,...,0,...,0,...,0,...,0,...,0,...,0,...,0,...,0,...,0,...,0,...,0,...,0,...,0,...,0,...,0,...,0,...,0,...,0,,0,,0,,0,,0,,0,,0,,0,,0,,0,,0,,0,,0,,0,,0,,630,,630,,630,,0,...,0,...,0,...,0,...,0,...,0,...,0,...,0,...,0,...,0,...,0,...,0,...,0,...,0,...,0,...,0,...,0,...,0,...,0,...,0,...,0,...,0,...,0,...
India,Silver carp,Asia - Inland waters,Aquaculture production (freshwater),Tonnes - live weight,"TLW, Number",0,...,0,...,0,...,0,...,0,...,0,...,0,...,0,...,0,...,0,...,0,...,0,...,0,...,0,...,0,...,0,...,0,...,0,...,0,...,0,...,0,...,0,...,0,...,0,...,0,...,0,...,0,...,0,...,0,...,0,...,0,...,0,...,0,...,0,...,0,...,0,...,0,...,0,...,0,...,0,...,0,...,0,...,0,...,1505,,1804,,1980,,3755,,3809,,13463,,15034,,14215,,390907,,172032,,158553,,279845,,352187,,341291,,209466,,281011,,285602,,129847,,103331,,123240,,301339,,320000,I,343000,I,360000,I,385000,I,444000,I,504000,I,549460,,588600,I,646500,I,698220,,735526,
India,Slipper cupped oyster,"Indian Ocean, Western",Aquaculture production (marine),Tonnes - live weight,"TLW, Number",0,...,0,...,0,...,0,...,0,...,0,...,0,...,0,...,0,...,0,...,0,...,0,...,0,...,0,...,0,...,0,...,0,...,0,...,0,...,0,...,0,...,0,...,0,...,0,...,0,...,0,...,0,...,0,...,0,...,0,...,0,...,0,...,0,...,0,...,0,,0,,0,,0,,0,,0,,0,,0,,0,,0,,0,,8,,9,,11,,12,,14,,150,,250,,350,,800,,800,,900,,1500,,2150,,2400,,1450,,3200,,4058,,4202,,4650,I,4700,I,3900,I,3900,I,4000,I,4000,I,4000,I,4000,,4200,I,4600,I,4968,,5491,
India,Snakeheads(=Murrels) NEI,Asia - Inland waters,Aquaculture production (freshwater),Tonnes - live weight,"TLW, Number",0,...,0,...,0,...,0,...,0,...,0,...,0,...,0,...,0,...,0,...,0,...,0,...,0,...,0,...,0,...,0,...,0,...,0,...,0,...,0,...,0,...,0,...,0,...,0,...,0,...,0,...,0,...,0,...,0,...,0,...,0,...,0,...,0,...,0,...,0,...,0,...,0,...,0,...,0,...,0,...,0,...,0,...,0,...,0,...,0,...,0,...,0,...,0,...,69124,,79864,,80740,,1301,,30426,,32275,,25986,,32562,,31907,,39994,,0,...,0,...,0,...,0,...,0,...,0,...,0,...,0,...,0,...,0,...,0,...,0,...,0,...,0,...,0,...,0,...,0,...
India,Striped catfish,Asia - Inland waters,Aquaculture production (freshwater),Tonnes - live weight,"TLW, Number",0,...,0,...,0,...,0,...,0,...,0,...,0,...,0,...,0,...,0,...,0,...,0,...,0,...,0,...,0,...,0,...,0,...,0,...,0,...,0,...,0,...,0,...,0,...,0,...,0,...,0,...,0,...,0,...,0,...,0,...,0,...,0,...,0,...,0,...,0,...,0,...,0,...,0,...,0,...,0,...,0,...,0,...,0,...,0,...,0,...,0,...,0,...,0,...,0,...,0,...,0,...,0,...,0,...,0,...,0,...,0,...,0,...,0,...,400000,I,400000,I,450000,I,450000,I,500000,I,500000,I,500000,I,450000,I,450000,I,450000,I,523000,I,594000,I,613600,,657300,I,722000,I,779760,,832191,
India,Whiteleg shrimp,Asia - Inland waters,Aquaculture production (freshwater),Tonnes - live weight,"TLW, Number",0,...,0,...,0,...,0,...,0,...,0,...,0,...,0,...,0,...,0,...,0,...,0,...,0,...,0,...,0,...,0,...,0,...,0,...,0,...,0,...,0,...,0,...,0,...,0,...,0,...,0,...,0,...,0,...,0,...,0,...,0,...,0,...,0,...,0,...,0,...,0,...,0,...,0,...,0,...,0,...,0,...,0,...,0,...,0,...,0,...,0,...,0,...,0,...,0,...,0,...,0,...,0,...,0,...,0,...,0,...,0,...,0,...,0,...,0,...,0,...,0,...,0,...,0,...,0,...,0,...,0,...,0,...,0,...,0,...,0,...,0,...,0,...,0,...,0,...,42892,I
India,Whiteleg shrimp,"Indian Ocean, Eastern",Aquaculture production (brackishwater),Tonnes - live weight,"TLW, Number",0,...,0,...,0,...,0,...,0,...,0,...,0,...,0,...,0,...,0,...,0,...,0,...,0,...,0,...,0,...,0,...,0,...,0,...,0,...,0,...,0,...,0,...,0,...,0,...,0,...,0,...,0,...,0,...,0,...,0,...,0,...,0,...,0,...,0,...,0,...,0,...,0,...,0,...,0,...,0,...,0,...,0,...,0,...,0,...,0,...,0,...,0,...,0,...,0,...,0,...,0,...,0,...,0,...,0,...,0,...,0,...,0,...,0,...,0,...,1730,,0,...,125000,I,136300,,211200,,305251,,416347,,461302,,583400,,622000,I,724267,,894772,,997263,,973540,,1153339,,1140561,
Totals - Tonnes - live weight,,,,,,17910,,19559,,21380,,23388,,25609,,28060,,30772,,33771,,37091,,40768,,44843,,49359,,54368,,59927,,66096,,72947,,80561,,89022,,98471,,109321,,121671,,136697,,153958,,173080,,192321,,213817,,238123,,264948,,294854,,328082,,365180,,406622,,452939,,504733,,572000,,633250,,686260,,788310,,893330,,1004500,,1017136,,1225261,,1395444,,1416702,,1519528,,1658807,,1758739,,1864322,,1908485,,2134814,,1942531,,2120634,,2189445,,2316947,,2804362,,2973126,,3182817,,3114762,,3855763,,3798842,,3790021,,3680584,,4218980,,4493002,,4884002,,5344002,,5701902,,6212869,,7247902,,7933000,,8641286,,9408300,,10235300,,11321123,,12094195,
Totals - Number,,,,,,0,,0,,0,,0,,0,,0,,0,,0,,0,,0,,0,,0,,0,,0,,0,,0,,0,,0,,0,,0,,0,,0,,0,,0,,0,,0,,0,,0,,0,,0,,0,,0,,0,,0,,0,,0,,0,,0,,0,,0,,0,,0,,0,,0,,0,,0,,0,,0,,0,,0,,0,,0,,0,,0,,0,,0,,0,,0,,0,,0,,0,,0,,0,,0,,0,,0,,0,,0,,0,,0,,0,,0,,0,,0,,0,
FAO. 2026. FishStat: Global production by production source 1950-2024. [Accessed on 28 March 2026]. In: FishStatJ. Available at www.fao.org/fishery/en/statistics/software/fishstatj. Licence: CC-BY-4.0.
